C_7_6_jap_cl_09-04_10-25-00_a_for_DF3,0112,0.309,0.366,0.372,0.598,1,0.0001
C_7_6_jap_cl_09-04_10-25-00_a_for_DF3,0112,0.309,0.366,0.372,0.598,2,1.0000
C_7_6_jap_cl_09-04_10-25-00_a_for_DF3,0112,0.309,0.366,0.372,0.598,3,0.0000
C_7_6_jap_cl_09-04_10-25-00_a_for_DF3,0112,0.316,0.369,0.371,0.598,1,0.0001
C_7_6_jap_cl_09-04_10-25-00_a_for_DF3,0112,0.316,0.369,0.371,0.598,2,1.0000
C_7_6_jap_cl_09-04_10-25-00_a_for_DF3,0112,0.316,0.369,0.371,0.598,3,0.0000
C_7_6_jap_cl_09-04_10-25-00_a_for_DF3,0112,0.326,0.363,0.371,0.599,1,0.0001
C_7_6_jap_cl_09-04_10-25-00_a_for_DF3,0112,0.326,0.363,0.371,0.599,2,1.0000
C_7_6_jap_cl_09-04_10-25-00_a_for_DF3,0112,0.326,0.363,0.371,0.599,3,0.0000
C_7_6_jap_cl_09-04_10-25-00_a_for_DF3,0112,0.309,0.366,0.372,0.598,1,0.0001
C_7_6_jap_cl_09-04_10-25-00_a_for_DF3,0112,0.309,0.366,0.372,0.598,2,1.0000
C_7_6_jap_cl_09-04_10-25-00_a_for_DF3,0112,0.309,0.366,0.372,0.598,3,0.0000
C_7_6_jap_cl_09-04_10-25-00_a_for_DF3,0112,0.316,0.369,0.371,0.598,1,0.0001
C_7_6_jap_cl_09-04_10-25-00_a_for_DF3,0112,0.316,0.369,0.371,0.598,2,1.0000
C_7_6_jap_cl_09-04_10-25-00_a_for_DF3,0112,0.316,0.369,0.371,0.598,3,0.0000
C_7_6_jap_cl_09-04_10-25-00_a_for_DF3,0112,0.326,0.363,0.371,0.599,1,0.0001
C_7_6_jap_cl_09-04_10-25-00_a_for_DF3,0112,0.326,0.363,0.371,0.599,2,1.0000
C_7_6_jap_cl_09-04_10-25-00_a_for_DF3,0112,0.326,0.363,0.371,0.599,3,0.0000
C_7_6_jap_cl_09-04_10-21-00_c_for_DF3,0048,0.365,0.334,0.420,0.549,1,0.0655
C_7_6_jap_cl_09-04_10-21-00_c_for_DF3,0048,0.365,0.334,0.420,0.549,2,0.9563
C_7_6_jap_cl_09-04_10-21-00_c_for_DF3,0048,0.365,0.334,0.420,0.549,3,0.0000
C_4_33_smp_ra_09-06_19-14-00_b_nig_DF1,0092,0.538,0.213,0.569,0.407,1,0.0002
C_4_33_smp_ra_09-06_19-14-00_b_nig_DF1,0092,0.538,0.213,0.569,0.407,2,0.0000
C_4_33_smp_ra_09-06_19-14-00_b_nig_DF1,0092,0.538,0.213,0.569,0.407,3,0.9999
C_4_20_smp_cl_09-05_13-58-00_b_aft_DF1,0036,0.537,0.373,0.594,0.603,1,0.0000
C_4_20_smp_cl_09-05_13-58-00_b_aft_DF1,0036,0.537,0.373,0.594,0.603,2,0.0000
C_4_20_smp_cl_09-05_13-58-00_b_aft_DF1,0036,0.537,0.373,0.594,0.603,3,1.0000
C_4_20_smp_cl_09-05_13-58-00_b_aft_DF1,0036,0.536,0.375,0.617,0.603,1,0.0000
C_4_20_smp_cl_09-05_13-58-00_b_aft_DF1,0036,0.536,0.375,0.617,0.603,2,0.0000
C_4_20_smp_cl_09-05_13-58-00_b_aft_DF1,0036,0.536,0.375,0.617,0.603,3,1.0000
C_4_20_smp_cl_09-05_13-58-00_b_aft_DF1,0036,0.536,0.373,0.597,0.603,1,0.0000
C_4_20_smp_cl_09-05_13-58-00_b_aft_DF1,0036,0.536,0.373,0.597,0.603,2,0.0000
C_4_20_smp_cl_09-05_13-58-00_b_aft_DF1,0036,0.536,0.373,0.597,0.603,3,1.0000
C_4_20_smp_cl_09-05_13-58-00_b_aft_DF1,0036,0.627,0.361,0.681,0.514,1,0.0000
C_4_20_smp_cl_09-05_13-58-00_b_aft_DF1,0036,0.627,0.361,0.681,0.514,2,0.0000
C_4_20_smp_cl_09-05_13-58-00_b_aft_DF1,0036,0.627,0.361,0.681,0.514,3,1.0000
C_4_20_smp_cl_09-05_13-58-00_b_aft_DF1,0036,0.629,0.359,0.670,0.515,1,0.0000
C_4_20_smp_cl_09-05_13-58-00_b_aft_DF1,0036,0.629,0.359,0.670,0.515,2,0.0000
C_4_20_smp_cl_09-05_13-58-00_b_aft_DF1,0036,0.629,0.359,0.670,0.515,3,1.0000
C_4_20_smp_cl_09-05_13-58-00_b_aft_DF1,0036,0.629,0.354,0.667,0.516,1,0.0000
C_4_20_smp_cl_09-05_13-58-00_b_aft_DF1,0036,0.629,0.354,0.667,0.516,2,0.0000
C_4_20_smp_cl_09-05_13-58-00_b_aft_DF1,0036,0.629,0.354,0.667,0.516,3,1.0000
C_3_11_smp_su_09-09_17-46-00_a_aft_DF1,0032,0.503,0.372,0.549,0.566,1,0.8835
C_3_11_smp_su_09-09_17-46-00_a_aft_DF1,0032,0.503,0.372,0.549,0.566,2,0.0764
C_3_11_smp_su_09-09_17-46-00_a_aft_DF1,0032,0.503,0.372,0.549,0.566,3,0.0010
C_3_11_smp_su_09-09_17-46-00_a_aft_DF1,0032,0.506,0.389,0.558,0.565,1,0.9296
C_3_11_smp_su_09-09_17-46-00_a_aft_DF1,0032,0.506,0.389,0.558,0.565,2,0.0483
C_3_11_smp_su_09-09_17-46-00_a_aft_DF1,0032,0.506,0.389,0.558,0.565,3,0.0011
C_3_11_smp_su_09-09_17-46-00_a_aft_DF1,0032,0.509,0.400,0.563,0.565,1,0.9469
C_3_11_smp_su_09-09_17-46-00_a_aft_DF1,0032,0.509,0.400,0.563,0.565,2,0.0425
C_3_11_smp_su_09-09_17-46-00_a_aft_DF1,0032,0.509,0.400,0.563,0.565,3,0.0009
C_4_20_smp_cl_09-05_13-58-00_c_aft_DF1,0108,0.255,0.304,0.312,0.480,1,0.0000
C_4_20_smp_cl_09-05_13-58-00_c_aft_DF1,0108,0.255,0.304,0.312,0.480,2,0.0000
C_4_20_smp_cl_09-05_13-58-00_c_aft_DF1,0108,0.255,0.304,0.312,0.480,3,1.0000
C_4_20_smp_cl_09-05_13-58-00_c_aft_DF1,0108,0.239,0.319,0.313,0.479,1,0.0000
C_4_20_smp_cl_09-05_13-58-00_c_aft_DF1,0108,0.239,0.319,0.313,0.479,2,0.0000
C_4_20_smp_cl_09-05_13-58-00_c_aft_DF1,0108,0.239,0.319,0.313,0.479,3,1.0000
C_4_20_smp_cl_09-05_13-58-00_c_aft_DF1,0108,0.226,0.310,0.281,0.473,1,0.0000
C_4_20_smp_cl_09-05_13-58-00_c_aft_DF1,0108,0.226,0.310,0.281,0.473,2,0.0000
C_4_20_smp_cl_09-05_13-58-00_c_aft_DF1,0108,0.226,0.310,0.281,0.473,3,1.0000
C_7_11_smp_cl_09-10_15-43-00_c_aft_DF1,0084,0.234,0.409,0.306,0.630,1,0.0014
C_7_11_smp_cl_09-10_15-43-00_c_aft_DF1,0084,0.234,0.409,0.306,0.630,2,0.9997
C_7_11_smp_cl_09-10_15-43-00_c_aft_DF1,0084,0.234,0.409,0.306,0.630,3,0.0000
C_7_11_smp_cl_09-10_15-43-00_c_aft_DF1,0084,0.208,0.418,0.281,0.643,1,0.0018
C_7_11_smp_cl_09-10_15-43-00_c_aft_DF1,0084,0.208,0.418,0.281,0.643,2,0.9996
C_7_11_smp_cl_09-10_15-43-00_c_aft_DF1,0084,0.208,0.418,0.281,0.643,3,0.0000
C_7_11_smp_cl_09-10_15-43-00_c_aft_DF1,0084,0.195,0.432,0.280,0.669,1,0.0021
C_7_11_smp_cl_09-10_15-43-00_c_aft_DF1,0084,0.195,0.432,0.280,0.669,2,0.9995
C_7_11_smp_cl_09-10_15-43-00_c_aft_DF1,0084,0.195,0.432,0.280,0.669,3,0.0000
C_4_20_smp_cl_09-05_14-02-00_a_aft_DF1,0096,0.228,0.493,0.285,0.666,1,0.0000
C_4_20_smp_cl_09-05_14-02-00_a_aft_DF1,0096,0.228,0.493,0.285,0.666,2,0.0000
C_4_20_smp_cl_09-05_14-02-00_a_aft_DF1,0096,0.228,0.493,0.285,0.666,3,1.0000
C_4_20_smp_cl_09-05_14-02-00_a_aft_DF1,0096,0.209,0.497,0.289,0.668,1,0.0000
C_4_20_smp_cl_09-05_14-02-00_a_aft_DF1,0096,0.209,0.497,0.289,0.668,2,0.0000
C_4_20_smp_cl_09-05_14-02-00_a_aft_DF1,0096,0.209,0.497,0.289,0.668,3,1.0000
C_4_20_smp_cl_09-05_14-02-00_a_aft_DF1,0096,0.226,0.498,0.290,0.666,1,0.0000
C_4_20_smp_cl_09-05_14-02-00_a_aft_DF1,0096,0.226,0.498,0.290,0.666,2,0.0000
C_4_20_smp_cl_09-05_14-02-00_a_aft_DF1,0096,0.226,0.498,0.290,0.666,3,1.0000
C_4_20_smp_cl_09-05_13-54-00_b_aft_DF1,0032,0.714,0.277,0.757,0.424,1,0.0000
C_4_20_smp_cl_09-05_13-54-00_b_aft_DF1,0032,0.714,0.277,0.757,0.424,2,0.0000
C_4_20_smp_cl_09-05_13-54-00_b_aft_DF1,0032,0.714,0.277,0.757,0.424,3,1.0000
C_4_20_smp_cl_09-05_13-54-00_c_aft_DF1,0104,0.187,0.292,0.270,0.442,1,0.0000
C_4_20_smp_cl_09-05_13-54-00_c_aft_DF1,0104,0.187,0.292,0.270,0.442,2,0.0000
C_4_20_smp_cl_09-05_13-54-00_c_aft_DF1,0104,0.187,0.292,0.270,0.442,3,1.0000
C_4_20_smp_cl_09-05_13-54-00_c_aft_DF1,0104,0.185,0.283,0.250,0.440,1,0.0000
C_4_20_smp_cl_09-05_13-54-00_c_aft_DF1,0104,0.185,0.283,0.250,0.440,2,0.0000
C_4_20_smp_cl_09-05_13-54-00_c_aft_DF1,0104,0.185,0.283,0.250,0.440,3,1.0000
C_4_20_smp_cl_09-05_13-54-00_c_aft_DF1,0104,0.179,0.285,0.250,0.442,1,0.0000
C_4_20_smp_cl_09-05_13-54-00_c_aft_DF1,0104,0.179,0.285,0.250,0.442,2,0.0000
C_4_20_smp_cl_09-05_13-54-00_c_aft_DF1,0104,0.179,0.285,0.250,0.442,3,1.0000
C_4_20_smp_cl_09-05_13-54-00_c_aft_DF1,0104,0.273,0.312,0.340,0.519,1,0.0000
C_4_20_smp_cl_09-05_13-54-00_c_aft_DF1,0104,0.273,0.312,0.340,0.519,2,0.0000
C_4_20_smp_cl_09-05_13-54-00_c_aft_DF1,0104,0.273,0.312,0.340,0.519,3,1.0000
C_4_20_smp_cl_09-05_13-54-00_c_aft_DF1,0104,0.265,0.317,0.354,0.518,1,0.0000
C_4_20_smp_cl_09-05_13-54-00_c_aft_DF1,0104,0.265,0.317,0.354,0.518,2,0.0000
C_4_20_smp_cl_09-05_13-54-00_c_aft_DF1,0104,0.265,0.317,0.354,0.518,3,1.0000
C_4_20_smp_cl_09-05_13-54-00_c_aft_DF1,0104,0.258,0.321,0.317,0.520,1,0.0000
C_4_20_smp_cl_09-05_13-54-00_c_aft_DF1,0104,0.258,0.321,0.317,0.520,2,0.0000
C_4_20_smp_cl_09-05_13-54-00_c_aft_DF1,0104,0.258,0.321,0.317,0.520,3,1.0000
C_4_10_smp_cl_08-31_13-58-00_a_aft_DF1,0036,0.526,0.337,0.584,0.577,1,0.0000
C_4_10_smp_cl_08-31_13-58-00_a_aft_DF1,0036,0.526,0.337,0.584,0.577,2,0.0000
C_4_10_smp_cl_08-31_13-58-00_a_aft_DF1,0036,0.526,0.337,0.584,0.577,3,1.0000
C_4_10_smp_cl_08-31_13-58-00_a_aft_DF1,0036,0.525,0.333,0.578,0.577,1,0.0000
C_4_10_smp_cl_08-31_13-58-00_a_aft_DF1,0036,0.525,0.333,0.578,0.577,2,0.0000
C_4_10_smp_cl_08-31_13-58-00_a_aft_DF1,0036,0.525,0.333,0.578,0.577,3,1.0000
C_4_10_smp_cl_08-31_13-58-00_a_aft_DF1,0036,0.526,0.333,0.578,0.578,1,0.0000
C_4_10_smp_cl_08-31_13-58-00_a_aft_DF1,0036,0.526,0.333,0.578,0.578,2,0.0000
C_4_10_smp_cl_08-31_13-58-00_a_aft_DF1,0036,0.526,0.333,0.578,0.578,3,1.0000
C_7_11_smp_cl_09-10_15-43-00_c_aft_DF1,0160,0.272,0.374,0.316,0.579,1,0.0000
C_7_11_smp_cl_09-10_15-43-00_c_aft_DF1,0160,0.272,0.374,0.316,0.579,2,1.0000
C_7_11_smp_cl_09-10_15-43-00_c_aft_DF1,0160,0.272,0.374,0.316,0.579,3,0.0000
C_4_20_smp_cl_09-05_14-05-00_c_aft_DF1,0112,0.331,0.375,0.414,0.642,1,0.0000
C_4_20_smp_cl_09-05_14-05-00_c_aft_DF1,0112,0.331,0.375,0.414,0.642,2,0.0000
C_4_20_smp_cl_09-05_14-05-00_c_aft_DF1,0112,0.331,0.375,0.414,0.642,3,1.0000
C_4_20_smp_cl_09-05_14-05-00_c_aft_DF1,0112,0.330,0.394,0.405,0.650,1,0.0000
C_4_20_smp_cl_09-05_14-05-00_c_aft_DF1,0112,0.330,0.394,0.405,0.650,2,0.0000
C_4_20_smp_cl_09-05_14-05-00_c_aft_DF1,0112,0.330,0.394,0.405,0.650,3,1.0000
C_4_20_smp_cl_09-05_14-05-00_c_aft_DF1,0112,0.323,0.393,0.383,0.650,1,0.0000
C_4_20_smp_cl_09-05_14-05-00_c_aft_DF1,0112,0.323,0.393,0.383,0.650,2,0.0000
C_4_20_smp_cl_09-05_14-05-00_c_aft_DF1,0112,0.323,0.393,0.383,0.650,3,1.0000
C_3_4_smp_cl_09-08_13-56-00_a_aft_DF1,0104,0.532,0.412,0.590,0.621,1,1.0000
C_3_4_smp_cl_09-08_13-56-00_a_aft_DF1,0104,0.532,0.412,0.590,0.621,2,0.0000
C_3_4_smp_cl_09-08_13-56-00_a_aft_DF1,0104,0.532,0.412,0.590,0.621,3,0.0000
C_3_4_smp_cl_09-08_13-56-00_a_aft_DF1,0104,0.525,0.421,0.562,0.637,1,1.0000
C_3_4_smp_cl_09-08_13-56-00_a_aft_DF1,0104,0.525,0.421,0.562,0.637,2,0.0000
C_3_4_smp_cl_09-08_13-56-00_a_aft_DF1,0104,0.525,0.421,0.562,0.637,3,0.0000
C_7_11_smp_cl_09-10_15-43-00_b_aft_DF1,0160,0.726,0.251,0.813,0.445,1,0.0000
C_7_11_smp_cl_09-10_15-43-00_b_aft_DF1,0160,0.726,0.251,0.813,0.445,2,1.0000
C_7_11_smp_cl_09-10_15-43-00_b_aft_DF1,0160,0.726,0.251,0.813,0.445,3,0.0000
C_7_11_smp_cl_09-10_15-43-00_b_aft_DF1,0160,0.719,0.249,0.804,0.444,1,0.0000
C_7_11_smp_cl_09-10_15-43-00_b_aft_DF1,0160,0.719,0.249,0.804,0.444,2,1.0000
C_7_11_smp_cl_09-10_15-43-00_b_aft_DF1,0160,0.719,0.249,0.804,0.444,3,0.0000
C_7_11_smp_cl_09-10_15-43-00_b_aft_DF1,0160,0.718,0.245,0.772,0.437,1,0.0000
C_7_11_smp_cl_09-10_15-43-00_b_aft_DF1,0160,0.718,0.245,0.772,0.437,2,1.0000
C_7_11_smp_cl_09-10_15-43-00_b_aft_DF1,0160,0.718,0.245,0.772,0.437,3,0.0000
C_3_12_smp_su_09-09_17-51-00_b_aft_DF1,0092,0.669,0.466,0.720,0.668,1,1.0000
C_3_12_smp_su_09-09_17-51-00_b_aft_DF1,0092,0.669,0.466,0.720,0.668,2,0.0000
C_3_12_smp_su_09-09_17-51-00_b_aft_DF1,0092,0.669,0.466,0.720,0.668,3,0.0009
C_3_12_smp_su_09-09_17-51-00_b_aft_DF1,0092,0.669,0.467,0.720,0.668,1,1.0000
C_3_12_smp_su_09-09_17-51-00_b_aft_DF1,0092,0.669,0.467,0.720,0.668,2,0.0000
C_3_12_smp_su_09-09_17-51-00_b_aft_DF1,0092,0.669,0.467,0.720,0.668,3,0.0007
C_3_12_smp_su_09-09_17-51-00_b_aft_DF1,0092,0.669,0.468,0.720,0.668,1,1.0000
C_3_12_smp_su_09-09_17-51-00_b_aft_DF1,0092,0.669,0.468,0.720,0.668,2,0.0000
C_3_12_smp_su_09-09_17-51-00_b_aft_DF1,0092,0.669,0.468,0.720,0.668,3,0.0006
C_4_11_smp_cl_08-31_14-01-00_c_aft_DF1,0044,0.361,0.349,0.419,0.590,1,0.0000
C_4_11_smp_cl_08-31_14-01-00_c_aft_DF1,0044,0.361,0.349,0.419,0.590,2,0.0000
C_4_11_smp_cl_08-31_14-01-00_c_aft_DF1,0044,0.361,0.349,0.419,0.590,3,1.0000
C_4_11_smp_cl_08-31_14-01-00_c_aft_DF1,0044,0.369,0.308,0.424,0.554,1,0.0000
C_4_11_smp_cl_08-31_14-01-00_c_aft_DF1,0044,0.369,0.308,0.424,0.554,2,0.0000
C_4_11_smp_cl_08-31_14-01-00_c_aft_DF1,0044,0.369,0.308,0.424,0.554,3,1.0000
C_4_11_smp_cl_08-31_14-01-00_c_aft_DF1,0044,0.370,0.285,0.429,0.491,1,0.0000
C_4_11_smp_cl_08-31_14-01-00_c_aft_DF1,0044,0.370,0.285,0.429,0.491,2,0.0000
C_4_11_smp_cl_08-31_14-01-00_c_aft_DF1,0044,0.370,0.285,0.429,0.491,3,1.0000
C_4_20_smp_cl_09-05_13-58-00_a_aft_DF1,0108,0.358,0.480,0.401,0.697,1,0.0000
C_4_20_smp_cl_09-05_13-58-00_a_aft_DF1,0108,0.358,0.480,0.401,0.697,2,0.0000
C_4_20_smp_cl_09-05_13-58-00_a_aft_DF1,0108,0.358,0.480,0.401,0.697,3,1.0000
C_4_20_smp_cl_09-05_13-58-00_a_aft_DF1,0108,0.355,0.475,0.398,0.699,1,0.0000
C_4_20_smp_cl_09-05_13-58-00_a_aft_DF1,0108,0.355,0.475,0.398,0.699,2,0.0000
C_4_20_smp_cl_09-05_13-58-00_a_aft_DF1,0108,0.355,0.475,0.398,0.699,3,1.0000
C_3_12_smp_su_09-09_17-51-00_b_aft_DF1,0016,0.521,0.516,0.570,0.744,1,1.0000
C_3_12_smp_su_09-09_17-51-00_b_aft_DF1,0016,0.521,0.516,0.570,0.744,2,0.0000
C_3_12_smp_su_09-09_17-51-00_b_aft_DF1,0016,0.521,0.516,0.570,0.744,3,0.0000
C_3_12_smp_su_09-09_17-51-00_b_aft_DF1,0016,0.521,0.517,0.570,0.744,1,1.0000
C_3_12_smp_su_09-09_17-51-00_b_aft_DF1,0016,0.521,0.517,0.570,0.744,2,0.0000
C_3_12_smp_su_09-09_17-51-00_b_aft_DF1,0016,0.521,0.517,0.570,0.744,3,0.0000
C_3_12_smp_su_09-09_17-51-00_b_aft_DF1,0016,0.521,0.517,0.570,0.744,1,1.0000
C_3_12_smp_su_09-09_17-51-00_b_aft_DF1,0016,0.521,0.517,0.570,0.744,2,0.0000
C_3_12_smp_su_09-09_17-51-00_b_aft_DF1,0016,0.521,0.517,0.570,0.744,3,0.0000
C_3_13_smp_su_09-09_13-50-00_b_aft_DF1,0104,0.752,0.426,0.812,0.612,1,1.0000
C_3_13_smp_su_09-09_13-50-00_b_aft_DF1,0104,0.752,0.426,0.812,0.612,2,0.0000
C_3_13_smp_su_09-09_13-50-00_b_aft_DF1,0104,0.752,0.426,0.812,0.612,3,0.0000
C_3_13_smp_su_09-09_13-50-00_b_aft_DF1,0104,0.738,0.433,0.803,0.617,1,1.0000
C_3_13_smp_su_09-09_13-50-00_b_aft_DF1,0104,0.738,0.433,0.803,0.617,2,0.0000
C_3_13_smp_su_09-09_13-50-00_b_aft_DF1,0104,0.738,0.433,0.803,0.617,3,0.0000
C_3_13_smp_su_09-09_13-50-00_b_aft_DF1,0104,0.727,0.463,0.804,0.622,1,1.0000
C_3_13_smp_su_09-09_13-50-00_b_aft_DF1,0104,0.727,0.463,0.804,0.622,2,0.0000
C_3_13_smp_su_09-09_13-50-00_b_aft_DF1,0104,0.727,0.463,0.804,0.622,3,0.0000
C_7_6_jap_cl_09-04_10-20-00_a_for_DF3,0044,0.362,0.297,0.414,0.536,1,0.2059
C_7_6_jap_cl_09-04_10-20-00_a_for_DF3,0044,0.362,0.297,0.414,0.536,2,0.7431
C_7_6_jap_cl_09-04_10-20-00_a_for_DF3,0044,0.362,0.297,0.414,0.536,3,0.0002
C_7_6_jap_cl_09-04_10-20-00_a_for_DF3,0044,0.370,0.296,0.418,0.536,1,0.1460
C_7_6_jap_cl_09-04_10-20-00_a_for_DF3,0044,0.370,0.296,0.418,0.536,2,0.7937
C_7_6_jap_cl_09-04_10-20-00_a_for_DF3,0044,0.370,0.296,0.418,0.536,3,0.0003
C_7_6_jap_cl_09-04_10-20-00_a_for_DF3,0044,0.357,0.298,0.417,0.551,1,0.0606
C_7_6_jap_cl_09-04_10-20-00_a_for_DF3,0044,0.357,0.298,0.417,0.551,2,0.9342
C_7_6_jap_cl_09-04_10-20-00_a_for_DF3,0044,0.357,0.298,0.417,0.551,3,0.0001
C_4_11_smp_cl_08-31_14-01-00_a_aft_DF1,0056,0.492,0.368,0.545,0.583,1,0.0000
C_4_11_smp_cl_08-31_14-01-00_a_aft_DF1,0056,0.492,0.368,0.545,0.583,2,0.0000
C_4_11_smp_cl_08-31_14-01-00_a_aft_DF1,0056,0.492,0.368,0.545,0.583,3,1.0000
C_4_11_smp_cl_08-31_14-01-00_a_aft_DF1,0056,0.496,0.339,0.543,0.586,1,0.0000
C_4_11_smp_cl_08-31_14-01-00_a_aft_DF1,0056,0.496,0.339,0.543,0.586,2,0.0000
C_4_11_smp_cl_08-31_14-01-00_a_aft_DF1,0056,0.496,0.339,0.543,0.586,3,1.0000
C_4_11_smp_cl_08-31_14-05-00_b_aft_DF1,0040,0.514,0.403,0.599,0.677,1,0.0000
C_4_11_smp_cl_08-31_14-05-00_b_aft_DF1,0040,0.514,0.403,0.599,0.677,2,0.0000
C_4_11_smp_cl_08-31_14-05-00_b_aft_DF1,0040,0.514,0.403,0.599,0.677,3,1.0000
C_4_11_smp_cl_08-31_14-05-00_b_aft_DF1,0040,0.514,0.396,0.591,0.661,1,0.0000
C_4_11_smp_cl_08-31_14-05-00_b_aft_DF1,0040,0.514,0.396,0.591,0.661,2,0.0000
C_4_11_smp_cl_08-31_14-05-00_b_aft_DF1,0040,0.514,0.396,0.591,0.661,3,1.0000
C_4_11_smp_cl_08-31_14-05-00_b_aft_DF1,0040,0.513,0.396,0.588,0.656,1,0.0000
C_4_11_smp_cl_08-31_14-05-00_b_aft_DF1,0040,0.513,0.396,0.588,0.656,2,0.0000
C_4_11_smp_cl_08-31_14-05-00_b_aft_DF1,0040,0.513,0.396,0.588,0.656,3,1.0000
C_3_4_smp_cl_09-08_13-44-00_b_aft_DF1,0028,0.696,0.349,0.745,0.545,1,0.9992
C_3_4_smp_cl_09-08_13-44-00_b_aft_DF1,0028,0.696,0.349,0.745,0.545,2,0.0000
C_3_4_smp_cl_09-08_13-44-00_b_aft_DF1,0028,0.696,0.349,0.745,0.545,3,0.0006
C_3_4_smp_cl_09-08_13-44-00_b_aft_DF1,0028,0.700,0.333,0.761,0.523,1,0.9982
C_3_4_smp_cl_09-08_13-44-00_b_aft_DF1,0028,0.700,0.333,0.761,0.523,2,0.0001
C_3_4_smp_cl_09-08_13-44-00_b_aft_DF1,0028,0.700,0.333,0.761,0.523,3,0.0014
C_3_4_smp_cl_09-08_13-44-00_b_aft_DF1,0028,0.711,0.328,0.758,0.520,1,0.9959
C_3_4_smp_cl_09-08_13-44-00_b_aft_DF1,0028,0.711,0.328,0.758,0.520,2,0.0003
C_3_4_smp_cl_09-08_13-44-00_b_aft_DF1,0028,0.711,0.328,0.758,0.520,3,0.0025
C_3_11_smp_su_09-09_17-46-00_c_aft_DF1,0036,0.329,0.293,0.375,0.451,1,0.9866
C_3_11_smp_su_09-09_17-46-00_c_aft_DF1,0036,0.329,0.293,0.375,0.451,2,0.0089
C_3_11_smp_su_09-09_17-46-00_c_aft_DF1,0036,0.329,0.293,0.375,0.451,3,0.0008
C_3_11_smp_su_09-09_17-46-00_c_aft_DF1,0036,0.321,0.317,0.371,0.442,1,0.9736
C_3_11_smp_su_09-09_17-46-00_c_aft_DF1,0036,0.321,0.317,0.371,0.442,2,0.0182
C_3_11_smp_su_09-09_17-46-00_c_aft_DF1,0036,0.321,0.317,0.371,0.442,3,0.0015
C_3_11_smp_su_09-09_17-46-00_c_aft_DF1,0036,0.309,0.321,0.368,0.444,1,0.9784
C_3_11_smp_su_09-09_17-46-00_c_aft_DF1,0036,0.309,0.321,0.368,0.444,2,0.0136
C_3_11_smp_su_09-09_17-46-00_c_aft_DF1,0036,0.309,0.321,0.368,0.444,3,0.0016
C_4_11_smp_cl_08-31_14-09-00_a_aft_DF1,0036,0.528,0.340,0.609,0.470,1,0.0000
C_4_11_smp_cl_08-31_14-09-00_a_aft_DF1,0036,0.528,0.340,0.609,0.470,2,0.0000
C_4_11_smp_cl_08-31_14-09-00_a_aft_DF1,0036,0.528,0.340,0.609,0.470,3,1.0000
C_4_11_smp_cl_08-31_14-09-00_a_aft_DF1,0036,0.525,0.334,0.606,0.529,1,0.0000
C_4_11_smp_cl_08-31_14-09-00_a_aft_DF1,0036,0.525,0.334,0.606,0.529,2,0.0000
C_4_11_smp_cl_08-31_14-09-00_a_aft_DF1,0036,0.525,0.334,0.606,0.529,3,1.0000
C_4_11_smp_cl_08-31_14-09-00_a_aft_DF1,0036,0.526,0.393,0.584,0.579,1,0.0000
C_4_11_smp_cl_08-31_14-09-00_a_aft_DF1,0036,0.526,0.393,0.584,0.579,2,0.0000
C_4_11_smp_cl_08-31_14-09-00_a_aft_DF1,0036,0.526,0.393,0.584,0.579,3,1.0000
C_4_11_smp_cl_08-31_14-09-00_c_aft_DF1,0040,0.384,0.262,0.446,0.432,1,0.0000
C_4_11_smp_cl_08-31_14-09-00_c_aft_DF1,0040,0.384,0.262,0.446,0.432,2,0.0000
C_4_11_smp_cl_08-31_14-09-00_c_aft_DF1,0040,0.384,0.262,0.446,0.432,3,1.0000
C_4_11_smp_cl_08-31_14-09-00_c_aft_DF1,0040,0.386,0.260,0.453,0.466,1,0.0000
C_4_11_smp_cl_08-31_14-09-00_c_aft_DF1,0040,0.386,0.260,0.453,0.466,2,0.0000
C_4_11_smp_cl_08-31_14-09-00_c_aft_DF1,0040,0.386,0.260,0.453,0.466,3,1.0000
C_4_11_smp_cl_08-31_14-09-00_c_aft_DF1,0040,0.398,0.335,0.466,0.542,1,0.0000
C_4_11_smp_cl_08-31_14-09-00_c_aft_DF1,0040,0.398,0.335,0.466,0.542,2,0.0000
C_4_11_smp_cl_08-31_14-09-00_c_aft_DF1,0040,0.398,0.335,0.466,0.542,3,1.0000
C_4_21_smp_cl_09-05_14-24-00_a_aft_DF1,0104,0.350,0.483,0.411,0.679,1,0.0000
C_4_21_smp_cl_09-05_14-24-00_a_aft_DF1,0104,0.350,0.483,0.411,0.679,2,0.0000
C_4_21_smp_cl_09-05_14-24-00_a_aft_DF1,0104,0.350,0.483,0.411,0.679,3,1.0000
C_4_21_smp_cl_09-05_14-24-00_a_aft_DF1,0104,0.359,0.490,0.406,0.691,1,0.0000
C_4_21_smp_cl_09-05_14-24-00_a_aft_DF1,0104,0.359,0.490,0.406,0.691,2,0.0000
C_4_21_smp_cl_09-05_14-24-00_a_aft_DF1,0104,0.359,0.490,0.406,0.691,3,1.0000
C_4_11_smp_cl_08-31_14-09-00_a_aft_DF1,0032,0.548,0.392,0.602,0.674,1,0.0000
C_4_11_smp_cl_08-31_14-09-00_a_aft_DF1,0032,0.548,0.392,0.602,0.674,2,0.0000
C_4_11_smp_cl_08-31_14-09-00_a_aft_DF1,0032,0.548,0.392,0.602,0.674,3,1.0000
C_4_11_smp_cl_08-31_14-09-00_a_aft_DF1,0032,0.548,0.389,0.606,0.659,1,0.0000
C_4_11_smp_cl_08-31_14-09-00_a_aft_DF1,0032,0.548,0.389,0.606,0.659,2,0.0000
C_4_11_smp_cl_08-31_14-09-00_a_aft_DF1,0032,0.548,0.389,0.606,0.659,3,1.0000
C_4_11_smp_cl_08-31_14-09-00_a_aft_DF1,0032,0.548,0.389,0.606,0.659,1,0.0000
C_4_11_smp_cl_08-31_14-09-00_a_aft_DF1,0032,0.548,0.389,0.606,0.659,2,0.0000
C_4_11_smp_cl_08-31_14-09-00_a_aft_DF1,0032,0.548,0.389,0.606,0.659,3,1.0000
C_4_11_smp_cl_08-31_14-13-00_b_aft_DF1,0032,0.518,0.329,0.600,0.527,1,0.0000
C_4_11_smp_cl_08-31_14-13-00_b_aft_DF1,0032,0.518,0.329,0.600,0.527,2,0.0000
C_4_11_smp_cl_08-31_14-13-00_b_aft_DF1,0032,0.518,0.329,0.600,0.527,3,1.0000
C_4_11_smp_cl_08-31_14-13-00_b_aft_DF1,0032,0.509,0.327,0.600,0.475,1,0.0000
C_4_11_smp_cl_08-31_14-13-00_b_aft_DF1,0032,0.509,0.327,0.600,0.475,2,0.0000
C_4_11_smp_cl_08-31_14-13-00_b_aft_DF1,0032,0.509,0.327,0.600,0.475,3,1.0000
C_4_11_smp_cl_08-31_14-13-00_b_aft_DF1,0032,0.496,0.342,0.553,0.543,1,0.0000
C_4_11_smp_cl_08-31_14-13-00_b_aft_DF1,0032,0.496,0.342,0.553,0.543,2,0.0000
C_4_11_smp_cl_08-31_14-13-00_b_aft_DF1,0032,0.496,0.342,0.553,0.543,3,1.0000
C_3_4_smp_cl_09-08_13-49-00_a_aft_DF1,0024,0.631,0.424,0.671,0.624,1,1.0000
C_3_4_smp_cl_09-08_13-49-00_a_aft_DF1,0024,0.631,0.424,0.671,0.624,2,0.0000
C_3_4_smp_cl_09-08_13-49-00_a_aft_DF1,0024,0.631,0.424,0.671,0.624,3,0.0000
C_3_4_smp_cl_09-08_13-49-00_a_aft_DF1,0024,0.632,0.463,0.669,0.627,1,1.0000
C_3_4_smp_cl_09-08_13-49-00_a_aft_DF1,0024,0.632,0.463,0.669,0.627,2,0.0000
C_3_4_smp_cl_09-08_13-49-00_a_aft_DF1,0024,0.632,0.463,0.669,0.627,3,0.0000
C_3_4_smp_cl_09-08_13-49-00_a_aft_DF1,0024,0.632,0.491,0.668,0.627,1,1.0000
C_3_4_smp_cl_09-08_13-49-00_a_aft_DF1,0024,0.632,0.491,0.668,0.627,2,0.0000
C_3_4_smp_cl_09-08_13-49-00_a_aft_DF1,0024,0.632,0.491,0.668,0.627,3,0.0000
C_3_4_smp_cl_09-08_13-53-00_c_aft_DF1,0048,0.312,0.527,0.445,0.697,1,1.0000
C_3_4_smp_cl_09-08_13-53-00_c_aft_DF1,0048,0.312,0.527,0.445,0.697,2,0.0000
C_3_4_smp_cl_09-08_13-53-00_c_aft_DF1,0048,0.312,0.527,0.445,0.697,3,0.0000
C_3_4_smp_cl_09-08_13-53-00_c_aft_DF1,0048,0.309,0.510,0.443,0.697,1,1.0000
C_3_4_smp_cl_09-08_13-53-00_c_aft_DF1,0048,0.309,0.510,0.443,0.697,2,0.0000
C_3_4_smp_cl_09-08_13-53-00_c_aft_DF1,0048,0.309,0.510,0.443,0.697,3,0.0000
C_3_4_smp_cl_09-08_13-53-00_c_aft_DF1,0048,0.323,0.468,0.421,0.697,1,1.0000
C_3_4_smp_cl_09-08_13-53-00_c_aft_DF1,0048,0.323,0.468,0.421,0.697,2,0.0000
C_3_4_smp_cl_09-08_13-53-00_c_aft_DF1,0048,0.323,0.468,0.421,0.697,3,0.0000
C_3_13_smp_su_09-09_13-50-00_b_aft_DF1,0020,0.737,0.462,0.787,0.582,1,1.0000
C_3_13_smp_su_09-09_13-50-00_b_aft_DF1,0020,0.737,0.462,0.787,0.582,2,0.0000
C_3_13_smp_su_09-09_13-50-00_b_aft_DF1,0020,0.737,0.462,0.787,0.582,3,0.0000
C_3_13_smp_su_09-09_13-50-00_b_aft_DF1,0020,0.738,0.463,0.787,0.583,1,1.0000
C_3_13_smp_su_09-09_13-50-00_b_aft_DF1,0020,0.738,0.463,0.787,0.583,2,0.0000
C_3_13_smp_su_09-09_13-50-00_b_aft_DF1,0020,0.738,0.463,0.787,0.583,3,0.0000
C_3_13_smp_su_09-09_13-50-00_b_aft_DF1,0020,0.746,0.442,0.787,0.584,1,1.0000
C_3_13_smp_su_09-09_13-50-00_b_aft_DF1,0020,0.746,0.442,0.787,0.584,2,0.0000
C_3_13_smp_su_09-09_13-50-00_b_aft_DF1,0020,0.746,0.442,0.787,0.584,3,0.0000
C_4_11_smp_cl_08-31_14-09-00_c_aft_DF1,0036,0.440,0.319,0.512,0.535,1,0.0000
C_4_11_smp_cl_08-31_14-09-00_c_aft_DF1,0036,0.440,0.319,0.512,0.535,2,0.0000
C_4_11_smp_cl_08-31_14-09-00_c_aft_DF1,0036,0.440,0.319,0.512,0.535,3,1.0000
C_3_13_smp_su_09-09_13-50-00_a_aft_DF1,0040,0.428,0.392,0.530,0.581,1,1.0000
C_3_13_smp_su_09-09_13-50-00_a_aft_DF1,0040,0.428,0.392,0.530,0.581,2,0.0000
C_3_13_smp_su_09-09_13-50-00_a_aft_DF1,0040,0.428,0.392,0.530,0.581,3,0.0000
C_3_13_smp_su_09-09_13-50-00_a_aft_DF1,0040,0.428,0.404,0.540,0.581,1,1.0000
C_3_13_smp_su_09-09_13-50-00_a_aft_DF1,0040,0.428,0.404,0.540,0.581,2,0.0000
C_3_13_smp_su_09-09_13-50-00_a_aft_DF1,0040,0.428,0.404,0.540,0.581,3,0.0000
C_3_13_smp_su_09-09_13-50-00_a_aft_DF1,0040,0.429,0.402,0.528,0.579,1,1.0000
C_3_13_smp_su_09-09_13-50-00_a_aft_DF1,0040,0.429,0.402,0.528,0.579,2,0.0000
C_3_13_smp_su_09-09_13-50-00_a_aft_DF1,0040,0.429,0.402,0.528,0.579,3,0.0000
C_3_13_smp_su_09-09_13-50-00_a_aft_DF1,0104,0.578,0.403,0.635,0.630,1,1.0000
C_3_13_smp_su_09-09_13-50-00_a_aft_DF1,0104,0.578,0.403,0.635,0.630,2,0.0000
C_3_13_smp_su_09-09_13-50-00_a_aft_DF1,0104,0.578,0.403,0.635,0.630,3,0.0000
C_4_20_smp_cl_09-05_14-02-00_a_aft_DF1,0040,0.628,0.476,0.691,0.669,1,0.0000
C_4_20_smp_cl_09-05_14-02-00_a_aft_DF1,0040,0.628,0.476,0.691,0.669,2,0.0000
C_4_20_smp_cl_09-05_14-02-00_a_aft_DF1,0040,0.628,0.476,0.691,0.669,3,1.0000
C_4_20_smp_cl_09-05_14-02-00_a_aft_DF1,0040,0.620,0.476,0.689,0.669,1,0.0000
C_4_20_smp_cl_09-05_14-02-00_a_aft_DF1,0040,0.620,0.476,0.689,0.669,2,0.0000
C_4_20_smp_cl_09-05_14-02-00_a_aft_DF1,0040,0.620,0.476,0.689,0.669,3,1.0000
C_4_20_smp_cl_09-05_14-02-00_a_aft_DF1,0040,0.617,0.472,0.683,0.672,1,0.0000
C_4_20_smp_cl_09-05_14-02-00_a_aft_DF1,0040,0.617,0.472,0.683,0.672,2,0.0000
C_4_20_smp_cl_09-05_14-02-00_a_aft_DF1,0040,0.617,0.472,0.683,0.672,3,1.0000
C_4_20_smp_cl_09-05_14-05-00_c_aft_DF1,0036,0.327,0.390,0.373,0.635,1,0.0000
C_4_20_smp_cl_09-05_14-05-00_c_aft_DF1,0036,0.327,0.390,0.373,0.635,2,0.0000
C_4_20_smp_cl_09-05_14-05-00_c_aft_DF1,0036,0.327,0.390,0.373,0.635,3,1.0000
C_4_20_smp_cl_09-05_14-05-00_c_aft_DF1,0036,0.328,0.385,0.384,0.635,1,0.0000
C_4_20_smp_cl_09-05_14-05-00_c_aft_DF1,0036,0.328,0.385,0.384,0.635,2,0.0000
C_4_20_smp_cl_09-05_14-05-00_c_aft_DF1,0036,0.328,0.385,0.384,0.635,3,1.0000
C_4_20_smp_cl_09-05_14-05-00_c_aft_DF1,0036,0.328,0.380,0.422,0.636,1,0.0000
C_4_20_smp_cl_09-05_14-05-00_c_aft_DF1,0036,0.328,0.380,0.422,0.636,2,0.0000
C_4_20_smp_cl_09-05_14-05-00_c_aft_DF1,0036,0.328,0.380,0.422,0.636,3,1.0000
C_4_33_smp_ra_09-06_19-14-00_b_nig_DF1,0032,0.509,0.235,0.562,0.407,1,0.0000
C_4_33_smp_ra_09-06_19-14-00_b_nig_DF1,0032,0.509,0.235,0.562,0.407,2,0.0000
C_4_33_smp_ra_09-06_19-14-00_b_nig_DF1,0032,0.509,0.235,0.562,0.407,3,1.0000
C_4_33_smp_ra_09-06_19-14-00_b_nig_DF1,0032,0.513,0.237,0.563,0.407,1,0.0000
C_4_33_smp_ra_09-06_19-14-00_b_nig_DF1,0032,0.513,0.237,0.563,0.407,2,0.0000
C_4_33_smp_ra_09-06_19-14-00_b_nig_DF1,0032,0.513,0.237,0.563,0.407,3,1.0000
C_4_33_smp_ra_09-06_19-14-00_b_nig_DF1,0032,0.512,0.244,0.556,0.416,1,0.0000
C_4_33_smp_ra_09-06_19-14-00_b_nig_DF1,0032,0.512,0.244,0.556,0.416,2,0.0000
C_4_33_smp_ra_09-06_19-14-00_b_nig_DF1,0032,0.512,0.244,0.556,0.416,3,1.0000
C_3_4_smp_cl_09-08_13-49-00_b_aft_DF1,0064,0.808,0.313,0.864,0.511,1,0.2992
C_3_4_smp_cl_09-08_13-49-00_b_aft_DF1,0064,0.808,0.313,0.864,0.511,2,0.2875
C_3_4_smp_cl_09-08_13-49-00_b_aft_DF1,0064,0.808,0.313,0.864,0.511,3,0.4129
C_3_4_smp_cl_09-08_13-49-00_b_aft_DF1,0064,0.816,0.328,0.866,0.509,1,0.2992
C_3_4_smp_cl_09-08_13-49-00_b_aft_DF1,0064,0.816,0.328,0.866,0.509,2,0.2875
C_3_4_smp_cl_09-08_13-49-00_b_aft_DF1,0064,0.816,0.328,0.866,0.509,3,0.4129
C_3_4_smp_cl_09-08_13-49-00_b_aft_DF1,0064,0.800,0.368,0.868,0.500,1,0.2992
C_3_4_smp_cl_09-08_13-49-00_b_aft_DF1,0064,0.800,0.368,0.868,0.500,2,0.2875
C_3_4_smp_cl_09-08_13-49-00_b_aft_DF1,0064,0.800,0.368,0.868,0.500,3,0.4129
C_3_11_smp_su_09-09_17-46-00_c_aft_DF1,0084,0.321,0.431,0.398,0.613,1,1.0000
C_3_11_smp_su_09-09_17-46-00_c_aft_DF1,0084,0.321,0.431,0.398,0.613,2,0.0000
C_3_11_smp_su_09-09_17-46-00_c_aft_DF1,0084,0.321,0.431,0.398,0.613,3,0.0000
C_3_11_smp_su_09-09_17-46-00_c_aft_DF1,0084,0.319,0.425,0.398,0.613,1,1.0000
C_3_11_smp_su_09-09_17-46-00_c_aft_DF1,0084,0.319,0.425,0.398,0.613,2,0.0000
C_3_11_smp_su_09-09_17-46-00_c_aft_DF1,0084,0.319,0.425,0.398,0.613,3,0.0000
C_3_11_smp_su_09-09_17-46-00_c_aft_DF1,0084,0.319,0.412,0.398,0.611,1,1.0000
C_3_11_smp_su_09-09_17-46-00_c_aft_DF1,0084,0.319,0.412,0.398,0.611,2,0.0000
C_3_11_smp_su_09-09_17-46-00_c_aft_DF1,0084,0.319,0.412,0.398,0.611,3,0.0000
C_3_11_smp_su_09-09_17-46-00_c_aft_DF1,0084,0.215,0.228,0.266,0.419,1,0.9371
C_3_11_smp_su_09-09_17-46-00_c_aft_DF1,0084,0.215,0.228,0.266,0.419,2,0.0157
C_3_11_smp_su_09-09_17-46-00_c_aft_DF1,0084,0.215,0.228,0.266,0.419,3,0.0130
C_3_11_smp_su_09-09_17-46-00_c_aft_DF1,0084,0.217,0.228,0.269,0.420,1,0.9482
C_3_11_smp_su_09-09_17-46-00_c_aft_DF1,0084,0.217,0.228,0.269,0.420,2,0.0131
C_3_11_smp_su_09-09_17-46-00_c_aft_DF1,0084,0.217,0.228,0.269,0.420,3,0.0103
C_3_11_smp_su_09-09_17-46-00_c_aft_DF1,0084,0.218,0.241,0.277,0.419,1,0.9740
C_3_11_smp_su_09-09_17-46-00_c_aft_DF1,0084,0.218,0.241,0.277,0.419,2,0.0073
C_3_11_smp_su_09-09_17-46-00_c_aft_DF1,0084,0.218,0.241,0.277,0.419,3,0.0046
C_7_6_jap_cl_09-04_10-16-00_c_for_DF3,0068,0.410,0.495,0.477,0.773,1,0.0000
C_7_6_jap_cl_09-04_10-16-00_c_for_DF3,0068,0.410,0.495,0.477,0.773,2,1.0000
C_7_6_jap_cl_09-04_10-16-00_c_for_DF3,0068,0.410,0.495,0.477,0.773,3,0.0000
C_7_6_jap_cl_09-04_10-16-00_c_for_DF3,0068,0.413,0.493,0.466,0.774,1,0.0000
C_7_6_jap_cl_09-04_10-16-00_c_for_DF3,0068,0.413,0.493,0.466,0.774,2,1.0000
C_7_6_jap_cl_09-04_10-16-00_c_for_DF3,0068,0.413,0.493,0.466,0.774,3,0.0000
C_7_11_smp_cl_09-10_15-43-00_b_aft_DF1,0036,0.824,0.264,0.884,0.485,1,0.2992
C_7_11_smp_cl_09-10_15-43-00_b_aft_DF1,0036,0.824,0.264,0.884,0.485,2,0.2875
C_7_11_smp_cl_09-10_15-43-00_b_aft_DF1,0036,0.824,0.264,0.884,0.485,3,0.4129
C_7_11_smp_cl_09-10_15-43-00_b_aft_DF1,0036,0.826,0.277,0.877,0.498,1,0.2992
C_7_11_smp_cl_09-10_15-43-00_b_aft_DF1,0036,0.826,0.277,0.877,0.498,2,0.2875
C_7_11_smp_cl_09-10_15-43-00_b_aft_DF1,0036,0.826,0.277,0.877,0.498,3,0.4129
C_3_4_smp_cl_09-08_13-57-00_b_aft_DF1,0104,0.731,0.415,0.803,0.598,1,0.9960
C_3_4_smp_cl_09-08_13-57-00_b_aft_DF1,0104,0.731,0.415,0.803,0.598,2,0.0016
C_3_4_smp_cl_09-08_13-57-00_b_aft_DF1,0104,0.731,0.415,0.803,0.598,3,0.0015
C_3_4_smp_cl_09-08_13-57-00_b_aft_DF1,0104,0.731,0.446,0.805,0.599,1,0.9960
C_3_4_smp_cl_09-08_13-57-00_b_aft_DF1,0104,0.731,0.446,0.805,0.599,2,0.0018
C_3_4_smp_cl_09-08_13-57-00_b_aft_DF1,0104,0.731,0.446,0.805,0.599,3,0.0016
C_3_4_smp_cl_09-08_13-57-00_b_aft_DF1,0104,0.731,0.449,0.800,0.599,1,0.9958
C_3_4_smp_cl_09-08_13-57-00_b_aft_DF1,0104,0.731,0.449,0.800,0.599,2,0.0019
C_3_4_smp_cl_09-08_13-57-00_b_aft_DF1,0104,0.731,0.449,0.800,0.599,3,0.0017
C_3_4_smp_cl_09-08_13-49-00_c_aft_DF1,0096,0.480,0.486,0.540,0.715,1,1.0000
C_3_4_smp_cl_09-08_13-49-00_c_aft_DF1,0096,0.480,0.486,0.540,0.715,2,0.0000
C_3_4_smp_cl_09-08_13-49-00_c_aft_DF1,0096,0.480,0.486,0.540,0.715,3,0.0000
C_3_4_smp_cl_09-08_13-49-00_c_aft_DF1,0096,0.466,0.530,0.534,0.713,1,1.0000
C_3_4_smp_cl_09-08_13-49-00_c_aft_DF1,0096,0.466,0.530,0.534,0.713,2,0.0000
C_3_4_smp_cl_09-08_13-49-00_c_aft_DF1,0096,0.466,0.530,0.534,0.713,3,0.0000
C_3_4_smp_cl_09-08_13-49-00_c_aft_DF1,0096,0.453,0.563,0.534,0.720,1,1.0000
C_3_4_smp_cl_09-08_13-49-00_c_aft_DF1,0096,0.453,0.563,0.534,0.720,2,0.0000
C_3_4_smp_cl_09-08_13-49-00_c_aft_DF1,0096,0.453,0.563,0.534,0.720,3,0.0000
C_7_6_jap_cl_09-04_10-20-00_a_for_DF3,0048,0.508,0.450,0.567,0.770,1,0.0000
C_7_6_jap_cl_09-04_10-20-00_a_for_DF3,0048,0.508,0.450,0.567,0.770,2,1.0000
C_7_6_jap_cl_09-04_10-20-00_a_for_DF3,0048,0.508,0.450,0.567,0.770,3,0.0000
C_7_6_jap_cl_09-04_10-20-00_a_for_DF3,0048,0.481,0.445,0.558,0.771,1,0.0000
C_7_6_jap_cl_09-04_10-20-00_a_for_DF3,0048,0.481,0.445,0.558,0.771,2,1.0000
C_7_6_jap_cl_09-04_10-20-00_a_for_DF3,0048,0.481,0.445,0.558,0.771,3,0.0000
C_7_6_jap_cl_09-04_10-20-00_a_for_DF3,0048,0.454,0.434,0.549,0.768,1,0.0000
C_7_6_jap_cl_09-04_10-20-00_a_for_DF3,0048,0.454,0.434,0.549,0.768,2,1.0000
C_7_6_jap_cl_09-04_10-20-00_a_for_DF3,0048,0.454,0.434,0.549,0.768,3,0.0000
C_7_6_jap_cl_09-04_10-20-00_a_for_DF3,0048,0.367,0.290,0.411,0.543,1,0.0222
C_7_6_jap_cl_09-04_10-20-00_a_for_DF3,0048,0.367,0.290,0.411,0.543,2,0.9749
C_7_6_jap_cl_09-04_10-20-00_a_for_DF3,0048,0.367,0.290,0.411,0.543,3,0.0001
C_7_6_jap_cl_09-04_10-20-00_a_for_DF3,0048,0.370,0.293,0.411,0.542,1,0.0174
C_7_6_jap_cl_09-04_10-20-00_a_for_DF3,0048,0.370,0.293,0.411,0.542,2,0.9801
C_7_6_jap_cl_09-04_10-20-00_a_for_DF3,0048,0.370,0.293,0.411,0.542,3,0.0002
C_7_6_jap_cl_09-04_10-20-00_a_for_DF3,0048,0.370,0.299,0.409,0.543,1,0.0133
C_7_6_jap_cl_09-04_10-20-00_a_for_DF3,0048,0.370,0.299,0.409,0.543,2,0.9870
C_7_6_jap_cl_09-04_10-20-00_a_for_DF3,0048,0.370,0.299,0.409,0.543,3,0.0002
C_3_12_smp_su_09-09_17-51-00_b_aft_DF1,0020,0.520,0.517,0.568,0.744,1,1.0000
C_3_12_smp_su_09-09_17-51-00_b_aft_DF1,0020,0.520,0.517,0.568,0.744,2,0.0000
C_3_12_smp_su_09-09_17-51-00_b_aft_DF1,0020,0.520,0.517,0.568,0.744,3,0.0000
C_3_12_smp_su_09-09_17-51-00_b_aft_DF1,0020,0.520,0.517,0.568,0.744,1,1.0000
C_3_12_smp_su_09-09_17-51-00_b_aft_DF1,0020,0.520,0.517,0.568,0.744,2,0.0000
C_3_12_smp_su_09-09_17-51-00_b_aft_DF1,0020,0.520,0.517,0.568,0.744,3,0.0000
C_3_12_smp_su_09-09_17-51-00_b_aft_DF1,0020,0.520,0.517,0.568,0.744,1,1.0000
C_3_12_smp_su_09-09_17-51-00_b_aft_DF1,0020,0.520,0.517,0.568,0.744,2,0.0000
C_3_12_smp_su_09-09_17-51-00_b_aft_DF1,0020,0.520,0.517,0.568,0.744,3,0.0000
C_4_11_smp_cl_08-31_14-12-00_a_aft_DF1,0040,0.519,0.336,0.596,0.522,1,0.0000
C_4_11_smp_cl_08-31_14-12-00_a_aft_DF1,0040,0.519,0.336,0.596,0.522,2,0.0000
C_4_11_smp_cl_08-31_14-12-00_a_aft_DF1,0040,0.519,0.336,0.596,0.522,3,1.0000
C_4_11_smp_cl_08-31_14-12-00_a_aft_DF1,0040,0.520,0.325,0.606,0.463,1,0.0000
C_4_11_smp_cl_08-31_14-12-00_a_aft_DF1,0040,0.520,0.325,0.606,0.463,2,0.0000
C_4_11_smp_cl_08-31_14-12-00_a_aft_DF1,0040,0.520,0.325,0.606,0.463,3,1.0000
C_4_11_smp_cl_08-31_14-12-00_a_aft_DF1,0040,0.529,0.350,0.597,0.582,1,0.0000
C_4_11_smp_cl_08-31_14-12-00_a_aft_DF1,0040,0.529,0.350,0.597,0.582,2,0.0000
C_4_11_smp_cl_08-31_14-12-00_a_aft_DF1,0040,0.529,0.350,0.597,0.582,3,1.0000
C_3_4_smp_cl_09-08_13-53-00_c_aft_DF1,0104,0.309,0.397,0.353,0.575,1,1.0000
C_3_4_smp_cl_09-08_13-53-00_c_aft_DF1,0104,0.309,0.397,0.353,0.575,2,0.0000
C_3_4_smp_cl_09-08_13-53-00_c_aft_DF1,0104,0.309,0.397,0.353,0.575,3,0.0000
C_3_4_smp_cl_09-08_13-53-00_c_aft_DF1,0104,0.306,0.405,0.354,0.575,1,1.0000
C_3_4_smp_cl_09-08_13-53-00_c_aft_DF1,0104,0.306,0.405,0.354,0.575,2,0.0000
C_3_4_smp_cl_09-08_13-53-00_c_aft_DF1,0104,0.306,0.405,0.354,0.575,3,0.0000
C_3_4_smp_cl_09-08_13-53-00_c_aft_DF1,0104,0.307,0.402,0.354,0.575,1,1.0000
C_3_4_smp_cl_09-08_13-53-00_c_aft_DF1,0104,0.307,0.402,0.354,0.575,2,0.0000
C_3_4_smp_cl_09-08_13-53-00_c_aft_DF1,0104,0.307,0.402,0.354,0.575,3,0.0000
C_4_20_smp_cl_09-05_14-05-00_b_aft_DF1,0040,0.610,0.320,0.669,0.512,1,0.0000
C_4_20_smp_cl_09-05_14-05-00_b_aft_DF1,0040,0.610,0.320,0.669,0.512,2,0.0000
C_4_20_smp_cl_09-05_14-05-00_b_aft_DF1,0040,0.610,0.320,0.669,0.512,3,1.0000
C_4_20_smp_cl_09-05_14-05-00_b_aft_DF1,0040,0.610,0.325,0.664,0.512,1,0.0000
C_4_20_smp_cl_09-05_14-05-00_b_aft_DF1,0040,0.610,0.325,0.664,0.512,2,0.0000
C_4_20_smp_cl_09-05_14-05-00_b_aft_DF1,0040,0.610,0.325,0.664,0.512,3,1.0000
C_4_20_smp_cl_09-05_14-05-00_b_aft_DF1,0040,0.608,0.326,0.653,0.511,1,0.0000
C_4_20_smp_cl_09-05_14-05-00_b_aft_DF1,0040,0.608,0.326,0.653,0.511,2,0.0000
C_4_20_smp_cl_09-05_14-05-00_b_aft_DF1,0040,0.608,0.326,0.653,0.511,3,1.0000
C_7_11_smp_cl_09-10_15-43-00_b_aft_DF1,0016,0.585,0.271,0.628,0.488,1,0.0000
C_7_11_smp_cl_09-10_15-43-00_b_aft_DF1,0016,0.585,0.271,0.628,0.488,2,1.0000
C_7_11_smp_cl_09-10_15-43-00_b_aft_DF1,0016,0.585,0.271,0.628,0.488,3,0.0000
C_7_11_smp_cl_09-10_15-43-00_b_aft_DF1,0016,0.578,0.265,0.623,0.485,1,0.0000
C_7_11_smp_cl_09-10_15-43-00_b_aft_DF1,0016,0.578,0.265,0.623,0.485,2,1.0000
C_7_11_smp_cl_09-10_15-43-00_b_aft_DF1,0016,0.578,0.265,0.623,0.485,3,0.0000
C_7_11_smp_cl_09-10_15-43-00_b_aft_DF1,0016,0.582,0.264,0.626,0.484,1,0.0000
C_7_11_smp_cl_09-10_15-43-00_b_aft_DF1,0016,0.582,0.264,0.626,0.484,2,1.0000
C_7_11_smp_cl_09-10_15-43-00_b_aft_DF1,0016,0.582,0.264,0.626,0.484,3,0.0000
C_7_11_smp_cl_09-10_15-43-00_c_aft_DF1,0116,0.105,0.331,0.160,0.524,1,0.0000
C_7_11_smp_cl_09-10_15-43-00_c_aft_DF1,0116,0.105,0.331,0.160,0.524,2,1.0000
C_7_11_smp_cl_09-10_15-43-00_c_aft_DF1,0116,0.105,0.331,0.160,0.524,3,0.0000
C_7_11_smp_cl_09-10_15-43-00_c_aft_DF1,0116,0.109,0.329,0.170,0.520,1,0.0000
C_7_11_smp_cl_09-10_15-43-00_c_aft_DF1,0116,0.109,0.329,0.170,0.520,2,1.0000
C_7_11_smp_cl_09-10_15-43-00_c_aft_DF1,0116,0.109,0.329,0.170,0.520,3,0.0000
C_7_11_smp_cl_09-10_15-43-00_c_aft_DF1,0116,0.121,0.330,0.187,0.512,1,0.0000
C_7_11_smp_cl_09-10_15-43-00_c_aft_DF1,0116,0.121,0.330,0.187,0.512,2,1.0000
C_7_11_smp_cl_09-10_15-43-00_c_aft_DF1,0116,0.121,0.330,0.187,0.512,3,0.0000
C_3_4_smp_cl_09-08_13-57-00_b_aft_DF1,0024,0.720,0.463,0.773,0.689,1,0.9994
C_3_4_smp_cl_09-08_13-57-00_b_aft_DF1,0024,0.720,0.463,0.773,0.689,2,0.0004
C_3_4_smp_cl_09-08_13-57-00_b_aft_DF1,0024,0.720,0.463,0.773,0.689,3,0.0002
C_3_4_smp_cl_09-08_13-57-00_b_aft_DF1,0024,0.720,0.456,0.772,0.676,1,0.9993
C_3_4_smp_cl_09-08_13-57-00_b_aft_DF1,0024,0.720,0.456,0.772,0.676,2,0.0004
C_3_4_smp_cl_09-08_13-57-00_b_aft_DF1,0024,0.720,0.456,0.772,0.676,3,0.0002
C_3_4_smp_cl_09-08_13-57-00_b_aft_DF1,0024,0.715,0.442,0.773,0.670,1,0.9996
C_3_4_smp_cl_09-08_13-57-00_b_aft_DF1,0024,0.715,0.442,0.773,0.670,2,0.0002
C_3_4_smp_cl_09-08_13-57-00_b_aft_DF1,0024,0.715,0.442,0.773,0.670,3,0.0001
C_7_6_jap_cl_09-04_10-25-00_a_for_DF3,0044,0.628,0.436,0.708,0.796,1,0.0000
C_7_6_jap_cl_09-04_10-25-00_a_for_DF3,0044,0.628,0.436,0.708,0.796,2,1.0000
C_7_6_jap_cl_09-04_10-25-00_a_for_DF3,0044,0.628,0.436,0.708,0.796,3,0.0000
C_7_6_jap_cl_09-04_10-25-00_a_for_DF3,0044,0.626,0.435,0.707,0.799,1,0.0000
C_7_6_jap_cl_09-04_10-25-00_a_for_DF3,0044,0.626,0.435,0.707,0.799,2,1.0000
C_7_6_jap_cl_09-04_10-25-00_a_for_DF3,0044,0.626,0.435,0.707,0.799,3,0.0000
C_7_6_jap_cl_09-04_10-25-00_a_for_DF3,0044,0.631,0.435,0.705,0.799,1,0.0000
C_7_6_jap_cl_09-04_10-25-00_a_for_DF3,0044,0.631,0.435,0.705,0.799,2,1.0000
C_7_6_jap_cl_09-04_10-25-00_a_for_DF3,0044,0.631,0.435,0.705,0.799,3,0.0000
C_7_6_jap_cl_09-04_10-25-00_a_for_DF3,0044,0.420,0.453,0.476,0.710,1,0.0000
C_7_6_jap_cl_09-04_10-25-00_a_for_DF3,0044,0.420,0.453,0.476,0.710,2,1.0000
C_7_6_jap_cl_09-04_10-25-00_a_for_DF3,0044,0.420,0.453,0.476,0.710,3,0.0000
C_7_6_jap_cl_09-04_10-25-00_a_for_DF3,0044,0.421,0.454,0.480,0.709,1,0.0000
C_7_6_jap_cl_09-04_10-25-00_a_for_DF3,0044,0.421,0.454,0.480,0.709,2,1.0000
C_7_6_jap_cl_09-04_10-25-00_a_for_DF3,0044,0.421,0.454,0.480,0.709,3,0.0000
C_3_9_smp_su_09-09_10-38-00_c_for_DF1,0036,0.199,0.276,0.317,0.408,1,0.9995
C_3_9_smp_su_09-09_10-38-00_c_for_DF1,0036,0.199,0.276,0.317,0.408,2,0.0000
C_3_9_smp_su_09-09_10-38-00_c_for_DF1,0036,0.199,0.276,0.317,0.408,3,0.0009
C_3_9_smp_su_09-09_10-38-00_c_for_DF1,0036,0.213,0.271,0.309,0.408,1,0.9993
C_3_9_smp_su_09-09_10-38-00_c_for_DF1,0036,0.213,0.271,0.309,0.408,2,0.0000
C_3_9_smp_su_09-09_10-38-00_c_for_DF1,0036,0.213,0.271,0.309,0.408,3,0.0014
C_3_9_smp_su_09-09_10-38-00_c_for_DF1,0036,0.221,0.241,0.284,0.409,1,0.9860
C_3_9_smp_su_09-09_10-38-00_c_for_DF1,0036,0.221,0.241,0.284,0.409,2,0.0004
C_3_9_smp_su_09-09_10-38-00_c_for_DF1,0036,0.221,0.241,0.284,0.409,3,0.0101
C_4_21_smp_cl_09-05_14-24-00_a_aft_DF1,0028,0.451,0.493,0.502,0.673,1,0.0000
C_4_21_smp_cl_09-05_14-24-00_a_aft_DF1,0028,0.451,0.493,0.502,0.673,2,0.0000
C_4_21_smp_cl_09-05_14-24-00_a_aft_DF1,0028,0.451,0.493,0.502,0.673,3,1.0000
C_4_21_smp_cl_09-05_14-24-00_a_aft_DF1,0028,0.422,0.493,0.502,0.668,1,0.0000
C_4_21_smp_cl_09-05_14-24-00_a_aft_DF1,0028,0.422,0.493,0.502,0.668,2,0.0000
C_4_21_smp_cl_09-05_14-24-00_a_aft_DF1,0028,0.422,0.493,0.502,0.668,3,1.0000
C_4_21_smp_cl_09-05_14-24-00_a_aft_DF1,0028,0.416,0.495,0.502,0.668,1,0.0000
C_4_21_smp_cl_09-05_14-24-00_a_aft_DF1,0028,0.416,0.495,0.502,0.668,2,0.0000
C_4_21_smp_cl_09-05_14-24-00_a_aft_DF1,0028,0.416,0.495,0.502,0.668,3,1.0000
C_3_4_smp_cl_09-08_13-44-00_c_aft_DF1,0024,0.155,0.280,0.249,0.675,1,0.9999
C_3_4_smp_cl_09-08_13-44-00_c_aft_DF1,0024,0.155,0.280,0.249,0.675,2,0.0000
C_3_4_smp_cl_09-08_13-44-00_c_aft_DF1,0024,0.155,0.280,0.249,0.675,3,0.0001
C_4_20_smp_cl_09-05_13-54-00_c_aft_DF1,0032,0.251,0.331,0.335,0.564,1,0.0000
C_4_20_smp_cl_09-05_13-54-00_c_aft_DF1,0032,0.251,0.331,0.335,0.564,2,0.0000
C_4_20_smp_cl_09-05_13-54-00_c_aft_DF1,0032,0.251,0.331,0.335,0.564,3,1.0000
C_4_20_smp_cl_09-05_13-54-00_c_aft_DF1,0032,0.269,0.338,0.334,0.562,1,0.0000
C_4_20_smp_cl_09-05_13-54-00_c_aft_DF1,0032,0.269,0.338,0.334,0.562,2,0.0000
C_4_20_smp_cl_09-05_13-54-00_c_aft_DF1,0032,0.269,0.338,0.334,0.562,3,1.0000
C_4_20_smp_cl_09-05_13-54-00_c_aft_DF1,0032,0.278,0.344,0.336,0.562,1,0.0000
C_4_20_smp_cl_09-05_13-54-00_c_aft_DF1,0032,0.278,0.344,0.336,0.562,2,0.0000
C_4_20_smp_cl_09-05_13-54-00_c_aft_DF1,0032,0.278,0.344,0.336,0.562,3,1.0000
C_4_20_smp_cl_09-05_14-02-00_b_aft_DF1,0036,0.569,0.351,0.637,0.573,1,0.0000
C_4_20_smp_cl_09-05_14-02-00_b_aft_DF1,0036,0.569,0.351,0.637,0.573,2,0.0000
C_4_20_smp_cl_09-05_14-02-00_b_aft_DF1,0036,0.569,0.351,0.637,0.573,3,1.0000
C_4_20_smp_cl_09-05_14-02-00_b_aft_DF1,0036,0.565,0.359,0.640,0.574,1,0.0000
C_4_20_smp_cl_09-05_14-02-00_b_aft_DF1,0036,0.565,0.359,0.640,0.574,2,0.0000
C_4_20_smp_cl_09-05_14-02-00_b_aft_DF1,0036,0.565,0.359,0.640,0.574,3,1.0000
C_4_20_smp_cl_09-05_14-02-00_b_aft_DF1,0036,0.565,0.359,0.619,0.575,1,0.0000
C_4_20_smp_cl_09-05_14-02-00_b_aft_DF1,0036,0.565,0.359,0.619,0.575,2,0.0000
C_4_20_smp_cl_09-05_14-02-00_b_aft_DF1,0036,0.565,0.359,0.619,0.575,3,1.0000
C_4_20_smp_cl_09-05_13-54-00_c_aft_DF1,0028,0.544,0.620,0.628,1.000,1,0.0000
C_4_20_smp_cl_09-05_13-54-00_c_aft_DF1,0028,0.544,0.620,0.628,1.000,2,0.0000
C_4_20_smp_cl_09-05_13-54-00_c_aft_DF1,0028,0.544,0.620,0.628,1.000,3,1.0000
C_4_20_smp_cl_09-05_13-54-00_c_aft_DF1,0028,0.547,0.612,0.701,0.990,1,0.0000
C_4_20_smp_cl_09-05_13-54-00_c_aft_DF1,0028,0.547,0.612,0.701,0.990,2,0.0000
C_4_20_smp_cl_09-05_13-54-00_c_aft_DF1,0028,0.547,0.612,0.701,0.990,3,1.0000
C_7_6_jap_cl_09-04_10-21-00_c_for_DF3,0088,0.278,0.489,0.387,0.769,1,0.0000
C_7_6_jap_cl_09-04_10-21-00_c_for_DF3,0088,0.278,0.489,0.387,0.769,2,1.0000
C_7_6_jap_cl_09-04_10-21-00_c_for_DF3,0088,0.278,0.489,0.387,0.769,3,0.0000
C_7_6_jap_cl_09-04_10-21-00_c_for_DF3,0088,0.280,0.488,0.389,0.771,1,0.0000
C_7_6_jap_cl_09-04_10-21-00_c_for_DF3,0088,0.280,0.488,0.389,0.771,2,1.0000
C_7_6_jap_cl_09-04_10-21-00_c_for_DF3,0088,0.280,0.488,0.389,0.771,3,0.0000
C_7_6_jap_cl_09-04_10-21-00_c_for_DF3,0088,0.288,0.476,0.372,0.772,1,0.0000
C_7_6_jap_cl_09-04_10-21-00_c_for_DF3,0088,0.288,0.476,0.372,0.772,2,1.0000
C_7_6_jap_cl_09-04_10-21-00_c_for_DF3,0088,0.288,0.476,0.372,0.772,3,0.0000
C_4_20_smp_cl_09-05_14-05-00_a_aft_DF1,0112,0.267,0.496,0.326,0.676,1,0.0000
C_4_20_smp_cl_09-05_14-05-00_a_aft_DF1,0112,0.267,0.496,0.326,0.676,2,0.0000
C_4_20_smp_cl_09-05_14-05-00_a_aft_DF1,0112,0.267,0.496,0.326,0.676,3,1.0000
C_4_20_smp_cl_09-05_14-05-00_a_aft_DF1,0112,0.255,0.494,0.340,0.677,1,0.0000
C_4_20_smp_cl_09-05_14-05-00_a_aft_DF1,0112,0.255,0.494,0.340,0.677,2,0.0000
C_4_20_smp_cl_09-05_14-05-00_a_aft_DF1,0112,0.255,0.494,0.340,0.677,3,1.0000
C_4_20_smp_cl_09-05_14-05-00_a_aft_DF1,0112,0.254,0.486,0.329,0.676,1,0.0000
C_4_20_smp_cl_09-05_14-05-00_a_aft_DF1,0112,0.254,0.486,0.329,0.676,2,0.0000
C_4_20_smp_cl_09-05_14-05-00_a_aft_DF1,0112,0.254,0.486,0.329,0.676,3,1.0000
C_3_4_smp_cl_09-08_13-49-00_a_aft_DF1,0064,0.734,0.424,0.797,0.676,1,1.0000
C_3_4_smp_cl_09-08_13-49-00_a_aft_DF1,0064,0.734,0.424,0.797,0.676,2,0.0000
C_3_4_smp_cl_09-08_13-49-00_a_aft_DF1,0064,0.734,0.424,0.797,0.676,3,0.0002
C_3_13_smp_su_09-09_13-50-00_a_aft_DF1,0020,0.593,0.414,0.659,0.609,1,1.0000
C_3_13_smp_su_09-09_13-50-00_a_aft_DF1,0020,0.593,0.414,0.659,0.609,2,0.0000
C_3_13_smp_su_09-09_13-50-00_a_aft_DF1,0020,0.593,0.414,0.659,0.609,3,0.0000
C_3_13_smp_su_09-09_13-50-00_a_aft_DF1,0020,0.582,0.432,0.660,0.610,1,1.0000
C_3_13_smp_su_09-09_13-50-00_a_aft_DF1,0020,0.582,0.432,0.660,0.610,2,0.0000
C_3_13_smp_su_09-09_13-50-00_a_aft_DF1,0020,0.582,0.432,0.660,0.610,3,0.0000
C_3_13_smp_su_09-09_13-50-00_a_aft_DF1,0020,0.581,0.438,0.661,0.610,1,1.0000
C_3_13_smp_su_09-09_13-50-00_a_aft_DF1,0020,0.581,0.438,0.661,0.610,2,0.0000
C_3_13_smp_su_09-09_13-50-00_a_aft_DF1,0020,0.581,0.438,0.661,0.610,3,0.0000
C_3_4_smp_cl_09-08_13-53-00_c_aft_DF1,0020,0.405,0.434,0.465,0.690,1,1.0000
C_3_4_smp_cl_09-08_13-53-00_c_aft_DF1,0020,0.405,0.434,0.465,0.690,2,0.0000
C_3_4_smp_cl_09-08_13-53-00_c_aft_DF1,0020,0.405,0.434,0.465,0.690,3,0.0000
C_3_4_smp_cl_09-08_13-53-00_c_aft_DF1,0020,0.381,0.454,0.462,0.691,1,1.0000
C_3_4_smp_cl_09-08_13-53-00_c_aft_DF1,0020,0.381,0.454,0.462,0.691,2,0.0000
C_3_4_smp_cl_09-08_13-53-00_c_aft_DF1,0020,0.381,0.454,0.462,0.691,3,0.0000
C_3_4_smp_cl_09-08_13-53-00_c_aft_DF1,0020,0.362,0.473,0.463,0.696,1,1.0000
C_3_4_smp_cl_09-08_13-53-00_c_aft_DF1,0020,0.362,0.473,0.463,0.696,2,0.0000
C_3_4_smp_cl_09-08_13-53-00_c_aft_DF1,0020,0.362,0.473,0.463,0.696,3,0.0000
C_3_12_smp_su_09-09_17-51-00_b_aft_DF1,0084,0.669,0.467,0.718,0.668,1,1.0000
C_3_12_smp_su_09-09_17-51-00_b_aft_DF1,0084,0.669,0.467,0.718,0.668,2,0.0000
C_3_12_smp_su_09-09_17-51-00_b_aft_DF1,0084,0.669,0.467,0.718,0.668,3,0.0008
C_3_12_smp_su_09-09_17-51-00_b_aft_DF1,0084,0.669,0.467,0.718,0.668,1,1.0000
C_3_12_smp_su_09-09_17-51-00_b_aft_DF1,0084,0.669,0.467,0.718,0.668,2,0.0000
C_3_12_smp_su_09-09_17-51-00_b_aft_DF1,0084,0.669,0.467,0.718,0.668,3,0.0008
C_3_12_smp_su_09-09_17-51-00_b_aft_DF1,0084,0.669,0.467,0.718,0.668,1,1.0000
C_3_12_smp_su_09-09_17-51-00_b_aft_DF1,0084,0.669,0.467,0.718,0.668,2,0.0000
C_3_12_smp_su_09-09_17-51-00_b_aft_DF1,0084,0.669,0.467,0.718,0.668,3,0.0008
C_4_11_smp_cl_08-31_14-09-00_b_aft_DF1,0032,0.547,0.371,0.627,0.630,1,0.0000
C_4_11_smp_cl_08-31_14-09-00_b_aft_DF1,0032,0.547,0.371,0.627,0.630,2,0.0000
C_4_11_smp_cl_08-31_14-09-00_b_aft_DF1,0032,0.547,0.371,0.627,0.630,3,1.0000
C_4_11_smp_cl_08-31_14-09-00_b_aft_DF1,0032,0.547,0.371,0.624,0.634,1,0.0000
C_4_11_smp_cl_08-31_14-09-00_b_aft_DF1,0032,0.547,0.371,0.624,0.634,2,0.0000
C_4_11_smp_cl_08-31_14-09-00_b_aft_DF1,0032,0.547,0.371,0.624,0.634,3,1.0000
C_4_11_smp_cl_08-31_14-09-00_b_aft_DF1,0032,0.546,0.374,0.625,0.635,1,0.0000
C_4_11_smp_cl_08-31_14-09-00_b_aft_DF1,0032,0.546,0.374,0.625,0.635,2,0.0000
C_4_11_smp_cl_08-31_14-09-00_b_aft_DF1,0032,0.546,0.374,0.625,0.635,3,1.0000
C_3_11_smp_su_09-09_17-46-00_b_aft_DF1,0032,0.659,0.572,0.698,0.749,1,0.9998
C_3_11_smp_su_09-09_17-46-00_b_aft_DF1,0032,0.659,0.572,0.698,0.749,2,0.0000
C_3_11_smp_su_09-09_17-46-00_b_aft_DF1,0032,0.659,0.572,0.698,0.749,3,0.0231
C_3_11_smp_su_09-09_17-46-00_b_aft_DF1,0032,0.659,0.570,0.698,0.749,1,0.9998
C_3_11_smp_su_09-09_17-46-00_b_aft_DF1,0032,0.659,0.570,0.698,0.749,2,0.0000
C_3_11_smp_su_09-09_17-46-00_b_aft_DF1,0032,0.659,0.570,0.698,0.749,3,0.0245
C_3_11_smp_su_09-09_17-46-00_b_aft_DF1,0032,0.659,0.571,0.697,0.749,1,0.9998
C_3_11_smp_su_09-09_17-46-00_b_aft_DF1,0032,0.659,0.571,0.697,0.749,2,0.0000
C_3_11_smp_su_09-09_17-46-00_b_aft_DF1,0032,0.659,0.571,0.697,0.749,3,0.0240
C_7_11_smp_cl_09-10_15-43-00_b_aft_DF1,0060,0.613,0.284,0.672,0.518,1,0.0000
C_7_11_smp_cl_09-10_15-43-00_b_aft_DF1,0060,0.613,0.284,0.672,0.518,2,1.0000
C_7_11_smp_cl_09-10_15-43-00_b_aft_DF1,0060,0.613,0.284,0.672,0.518,3,0.0000
C_7_11_smp_cl_09-10_15-43-00_b_aft_DF1,0060,0.600,0.288,0.659,0.524,1,0.0000
C_7_11_smp_cl_09-10_15-43-00_b_aft_DF1,0060,0.600,0.288,0.659,0.524,2,1.0000
C_7_11_smp_cl_09-10_15-43-00_b_aft_DF1,0060,0.600,0.288,0.659,0.524,3,0.0000
C_7_11_smp_cl_09-10_15-43-00_b_aft_DF1,0060,0.596,0.292,0.648,0.526,1,0.0000
C_7_11_smp_cl_09-10_15-43-00_b_aft_DF1,0060,0.596,0.292,0.648,0.526,2,1.0000
C_7_11_smp_cl_09-10_15-43-00_b_aft_DF1,0060,0.596,0.292,0.648,0.526,3,0.0000
C_4_20_smp_cl_09-05_13-54-00_b_aft_DF1,0104,0.422,0.430,0.493,0.669,1,0.0000
C_4_20_smp_cl_09-05_13-54-00_b_aft_DF1,0104,0.422,0.430,0.493,0.669,2,0.0000
C_4_20_smp_cl_09-05_13-54-00_b_aft_DF1,0104,0.422,0.430,0.493,0.669,3,1.0000
C_4_20_smp_cl_09-05_13-54-00_b_aft_DF1,0104,0.398,0.458,0.488,0.680,1,0.0000
C_4_20_smp_cl_09-05_13-54-00_b_aft_DF1,0104,0.398,0.458,0.488,0.680,2,0.0000
C_4_20_smp_cl_09-05_13-54-00_b_aft_DF1,0104,0.398,0.458,0.488,0.680,3,1.0000
C_4_11_smp_cl_08-31_14-09-00_c_aft_DF1,0032,0.366,0.346,0.445,0.606,1,0.0000
C_4_11_smp_cl_08-31_14-09-00_c_aft_DF1,0032,0.366,0.346,0.445,0.606,2,0.0000
C_4_11_smp_cl_08-31_14-09-00_c_aft_DF1,0032,0.366,0.346,0.445,0.606,3,1.0000
C_4_11_smp_cl_08-31_14-09-00_c_aft_DF1,0032,0.367,0.345,0.445,0.606,1,0.0000
C_4_11_smp_cl_08-31_14-09-00_c_aft_DF1,0032,0.367,0.345,0.445,0.606,2,0.0000
C_4_11_smp_cl_08-31_14-09-00_c_aft_DF1,0032,0.367,0.345,0.445,0.606,3,1.0000
C_4_11_smp_cl_08-31_14-09-00_c_aft_DF1,0032,0.368,0.343,0.445,0.606,1,0.0000
C_4_11_smp_cl_08-31_14-09-00_c_aft_DF1,0032,0.368,0.343,0.445,0.606,2,0.0000
C_4_11_smp_cl_08-31_14-09-00_c_aft_DF1,0032,0.368,0.343,0.445,0.606,3,1.0000
C_4_20_smp_cl_09-05_13-58-00_c_aft_DF1,0104,0.252,0.304,0.310,0.515,1,0.0000
C_4_20_smp_cl_09-05_13-58-00_c_aft_DF1,0104,0.252,0.304,0.310,0.515,2,0.0000
C_4_20_smp_cl_09-05_13-58-00_c_aft_DF1,0104,0.252,0.304,0.310,0.515,3,1.0000
C_4_20_smp_cl_09-05_13-58-00_c_aft_DF1,0104,0.243,0.315,0.321,0.518,1,0.0000
C_4_20_smp_cl_09-05_13-58-00_c_aft_DF1,0104,0.243,0.315,0.321,0.518,2,0.0000
C_4_20_smp_cl_09-05_13-58-00_c_aft_DF1,0104,0.243,0.315,0.321,0.518,3,1.0000
C_4_20_smp_cl_09-05_13-58-00_c_aft_DF1,0104,0.242,0.313,0.333,0.517,1,0.0000
C_4_20_smp_cl_09-05_13-58-00_c_aft_DF1,0104,0.242,0.313,0.333,0.517,2,0.0000
C_4_20_smp_cl_09-05_13-58-00_c_aft_DF1,0104,0.242,0.313,0.333,0.517,3,1.0000
C_3_12_smp_su_09-09_17-51-00_b_aft_DF1,0044,0.672,0.479,0.716,0.673,1,1.0000
C_3_12_smp_su_09-09_17-51-00_b_aft_DF1,0044,0.672,0.479,0.716,0.673,2,0.0000
C_3_12_smp_su_09-09_17-51-00_b_aft_DF1,0044,0.672,0.479,0.716,0.673,3,0.0000
C_3_12_smp_su_09-09_17-51-00_b_aft_DF1,0044,0.672,0.479,0.716,0.673,1,1.0000
C_3_12_smp_su_09-09_17-51-00_b_aft_DF1,0044,0.672,0.479,0.716,0.673,2,0.0000
C_3_12_smp_su_09-09_17-51-00_b_aft_DF1,0044,0.672,0.479,0.716,0.673,3,0.0000
C_3_12_smp_su_09-09_17-51-00_b_aft_DF1,0044,0.672,0.480,0.716,0.673,1,1.0000
C_3_12_smp_su_09-09_17-51-00_b_aft_DF1,0044,0.672,0.480,0.716,0.673,2,0.0000
C_3_12_smp_su_09-09_17-51-00_b_aft_DF1,0044,0.672,0.480,0.716,0.673,3,0.0000
C_7_11_smp_cl_09-10_15-43-00_b_aft_DF1,0104,0.719,0.240,0.769,0.433,1,0.0000
C_7_11_smp_cl_09-10_15-43-00_b_aft_DF1,0104,0.719,0.240,0.769,0.433,2,1.0000
C_7_11_smp_cl_09-10_15-43-00_b_aft_DF1,0104,0.719,0.240,0.769,0.433,3,0.0000
C_7_11_smp_cl_09-10_15-43-00_b_aft_DF1,0104,0.733,0.244,0.777,0.449,1,0.0000
C_7_11_smp_cl_09-10_15-43-00_b_aft_DF1,0104,0.733,0.244,0.777,0.449,2,1.0000
C_7_11_smp_cl_09-10_15-43-00_b_aft_DF1,0104,0.733,0.244,0.777,0.449,3,0.0000
C_7_11_smp_cl_09-10_15-43-00_b_aft_DF1,0104,0.734,0.256,0.777,0.456,1,0.0000
C_7_11_smp_cl_09-10_15-43-00_b_aft_DF1,0104,0.734,0.256,0.777,0.456,2,1.0000
C_7_11_smp_cl_09-10_15-43-00_b_aft_DF1,0104,0.734,0.256,0.777,0.456,3,0.0000
C_7_6_jap_cl_09-04_10-25-00_a_for_DF3,0084,0.360,0.373,0.422,0.611,1,0.0000
C_7_6_jap_cl_09-04_10-25-00_a_for_DF3,0084,0.360,0.373,0.422,0.611,2,1.0000
C_7_6_jap_cl_09-04_10-25-00_a_for_DF3,0084,0.360,0.373,0.422,0.611,3,0.0000
C_7_6_jap_cl_09-04_10-25-00_a_for_DF3,0084,0.369,0.374,0.421,0.615,1,0.0000
C_7_6_jap_cl_09-04_10-25-00_a_for_DF3,0084,0.369,0.374,0.421,0.615,2,1.0000
C_7_6_jap_cl_09-04_10-25-00_a_for_DF3,0084,0.369,0.374,0.421,0.615,3,0.0000
C_4_20_smp_cl_09-05_14-05-00_b_aft_DF1,0036,0.666,0.284,0.720,0.453,1,0.0000
C_4_20_smp_cl_09-05_14-05-00_b_aft_DF1,0036,0.666,0.284,0.720,0.453,2,0.0000
C_4_20_smp_cl_09-05_14-05-00_b_aft_DF1,0036,0.666,0.284,0.720,0.453,3,1.0000
C_4_20_smp_cl_09-05_14-05-00_b_aft_DF1,0036,0.683,0.279,0.712,0.462,1,0.0000
C_4_20_smp_cl_09-05_14-05-00_b_aft_DF1,0036,0.683,0.279,0.712,0.462,2,0.0000
C_4_20_smp_cl_09-05_14-05-00_b_aft_DF1,0036,0.683,0.279,0.712,0.462,3,1.0000
C_4_20_smp_cl_09-05_14-05-00_b_aft_DF1,0036,0.677,0.279,0.701,0.458,1,0.0000
C_4_20_smp_cl_09-05_14-05-00_b_aft_DF1,0036,0.677,0.279,0.701,0.458,2,0.0000
C_4_20_smp_cl_09-05_14-05-00_b_aft_DF1,0036,0.677,0.279,0.701,0.458,3,1.0000
C_4_20_smp_cl_09-05_14-05-00_b_aft_DF1,0036,0.644,0.326,0.687,0.515,1,0.0000
C_4_20_smp_cl_09-05_14-05-00_b_aft_DF1,0036,0.644,0.326,0.687,0.515,2,0.0000
C_4_20_smp_cl_09-05_14-05-00_b_aft_DF1,0036,0.644,0.326,0.687,0.515,3,1.0000
C_7_6_jap_cl_09-04_10-21-00_c_for_DF3,0044,0.384,0.331,0.428,0.566,1,0.1430
C_7_6_jap_cl_09-04_10-21-00_c_for_DF3,0044,0.384,0.331,0.428,0.566,2,0.8948
C_7_6_jap_cl_09-04_10-21-00_c_for_DF3,0044,0.384,0.331,0.428,0.566,3,0.0000
C_7_6_jap_cl_09-04_10-21-00_c_for_DF3,0044,0.381,0.324,0.428,0.567,1,0.2071
C_7_6_jap_cl_09-04_10-21-00_c_for_DF3,0044,0.381,0.324,0.428,0.567,2,0.8453
C_7_6_jap_cl_09-04_10-21-00_c_for_DF3,0044,0.381,0.324,0.428,0.567,3,0.0000
C_4_20_smp_cl_09-05_14-05-00_a_aft_DF1,0036,0.667,0.458,0.699,0.685,1,0.0000
C_4_20_smp_cl_09-05_14-05-00_a_aft_DF1,0036,0.667,0.458,0.699,0.685,2,0.0000
C_4_20_smp_cl_09-05_14-05-00_a_aft_DF1,0036,0.667,0.458,0.699,0.685,3,1.0000
C_4_20_smp_cl_09-05_14-05-00_a_aft_DF1,0036,0.637,0.453,0.694,0.665,1,0.0000
C_4_20_smp_cl_09-05_14-05-00_a_aft_DF1,0036,0.637,0.453,0.694,0.665,2,0.0000
C_4_20_smp_cl_09-05_14-05-00_a_aft_DF1,0036,0.637,0.453,0.694,0.665,3,1.0000
C_4_20_smp_cl_09-05_14-05-00_a_aft_DF1,0036,0.616,0.456,0.692,0.662,1,0.0000
C_4_20_smp_cl_09-05_14-05-00_a_aft_DF1,0036,0.616,0.456,0.692,0.662,2,0.0000
C_4_20_smp_cl_09-05_14-05-00_a_aft_DF1,0036,0.616,0.456,0.692,0.662,3,1.0000
C_4_11_smp_cl_08-31_14-05-00_a_aft_DF1,0044,0.494,0.355,0.556,0.584,1,0.0000
C_4_11_smp_cl_08-31_14-05-00_a_aft_DF1,0044,0.494,0.355,0.556,0.584,2,0.0000
C_4_11_smp_cl_08-31_14-05-00_a_aft_DF1,0044,0.494,0.355,0.556,0.584,3,1.0000
C_4_11_smp_cl_08-31_14-05-00_a_aft_DF1,0044,0.503,0.346,0.567,0.576,1,0.0000
C_4_11_smp_cl_08-31_14-05-00_a_aft_DF1,0044,0.503,0.346,0.567,0.576,2,0.0000
C_4_11_smp_cl_08-31_14-05-00_a_aft_DF1,0044,0.503,0.346,0.567,0.576,3,1.0000
C_4_11_smp_cl_08-31_14-09-00_a_aft_DF1,0040,0.511,0.416,0.574,0.655,1,0.0000
C_4_11_smp_cl_08-31_14-09-00_a_aft_DF1,0040,0.511,0.416,0.574,0.655,2,0.0000
C_4_11_smp_cl_08-31_14-09-00_a_aft_DF1,0040,0.511,0.416,0.574,0.655,3,1.0000
C_4_11_smp_cl_08-31_14-09-00_a_aft_DF1,0040,0.510,0.348,0.569,0.588,1,0.0000
C_4_11_smp_cl_08-31_14-09-00_a_aft_DF1,0040,0.510,0.348,0.569,0.588,2,0.0000
C_4_11_smp_cl_08-31_14-09-00_a_aft_DF1,0040,0.510,0.348,0.569,0.588,3,1.0000
C_4_11_smp_cl_08-31_14-09-00_a_aft_DF1,0040,0.507,0.324,0.591,0.548,1,0.0000
C_4_11_smp_cl_08-31_14-09-00_a_aft_DF1,0040,0.507,0.324,0.591,0.548,2,0.0000
C_4_11_smp_cl_08-31_14-09-00_a_aft_DF1,0040,0.507,0.324,0.591,0.548,3,1.0000
C_7_6_jap_cl_09-04_10-25-00_a_for_DF3,0040,0.296,0.399,0.394,0.645,1,0.0000
C_7_6_jap_cl_09-04_10-25-00_a_for_DF3,0040,0.296,0.399,0.394,0.645,2,1.0000
C_7_6_jap_cl_09-04_10-25-00_a_for_DF3,0040,0.296,0.399,0.394,0.645,3,0.0000
C_7_6_jap_cl_09-04_10-25-00_a_for_DF3,0040,0.308,0.398,0.403,0.644,1,0.0000
C_7_6_jap_cl_09-04_10-25-00_a_for_DF3,0040,0.308,0.398,0.403,0.644,2,1.0000
C_7_6_jap_cl_09-04_10-25-00_a_for_DF3,0040,0.308,0.398,0.403,0.644,3,0.0000
C_7_6_jap_cl_09-04_10-25-00_a_for_DF3,0040,0.340,0.397,0.414,0.645,1,0.0000
C_7_6_jap_cl_09-04_10-25-00_a_for_DF3,0040,0.340,0.397,0.414,0.645,2,1.0000
C_7_6_jap_cl_09-04_10-25-00_a_for_DF3,0040,0.340,0.397,0.414,0.645,3,0.0000
C_7_11_smp_cl_09-10_15-43-00_c_aft_DF1,0104,0.208,0.379,0.298,0.584,1,0.0004
C_7_11_smp_cl_09-10_15-43-00_c_aft_DF1,0104,0.208,0.379,0.298,0.584,2,0.9999
C_7_11_smp_cl_09-10_15-43-00_c_aft_DF1,0104,0.208,0.379,0.298,0.584,3,0.0000
C_7_11_smp_cl_09-10_15-43-00_c_aft_DF1,0104,0.205,0.380,0.298,0.579,1,0.0004
C_7_11_smp_cl_09-10_15-43-00_c_aft_DF1,0104,0.205,0.380,0.298,0.579,2,0.9999
C_7_11_smp_cl_09-10_15-43-00_c_aft_DF1,0104,0.205,0.380,0.298,0.579,3,0.0000
C_7_11_smp_cl_09-10_15-43-00_c_aft_DF1,0104,0.211,0.378,0.299,0.577,1,0.0003
C_7_11_smp_cl_09-10_15-43-00_c_aft_DF1,0104,0.211,0.378,0.299,0.577,2,0.9999
C_7_11_smp_cl_09-10_15-43-00_c_aft_DF1,0104,0.211,0.378,0.299,0.577,3,0.0000
C_3_12_smp_su_09-09_17-51-00_b_aft_DF1,0040,0.672,0.480,0.716,0.673,1,1.0000
C_3_12_smp_su_09-09_17-51-00_b_aft_DF1,0040,0.672,0.480,0.716,0.673,2,0.0000
C_3_12_smp_su_09-09_17-51-00_b_aft_DF1,0040,0.672,0.480,0.716,0.673,3,0.0000
C_3_12_smp_su_09-09_17-51-00_b_aft_DF1,0040,0.672,0.481,0.716,0.673,1,1.0000
C_3_12_smp_su_09-09_17-51-00_b_aft_DF1,0040,0.672,0.481,0.716,0.673,2,0.0000
C_3_12_smp_su_09-09_17-51-00_b_aft_DF1,0040,0.672,0.481,0.716,0.673,3,0.0000
C_3_12_smp_su_09-09_17-51-00_b_aft_DF1,0040,0.672,0.480,0.716,0.673,1,1.0000
C_3_12_smp_su_09-09_17-51-00_b_aft_DF1,0040,0.672,0.480,0.716,0.673,2,0.0000
C_3_12_smp_su_09-09_17-51-00_b_aft_DF1,0040,0.672,0.480,0.716,0.673,3,0.0000
C_3_11_smp_su_09-09_17-46-00_c_aft_DF1,0032,0.313,0.339,0.370,0.492,1,0.9967
C_3_11_smp_su_09-09_17-46-00_c_aft_DF1,0032,0.313,0.339,0.370,0.492,2,0.0010
C_3_11_smp_su_09-09_17-46-00_c_aft_DF1,0032,0.313,0.339,0.370,0.492,3,0.0008
C_3_11_smp_su_09-09_17-46-00_c_aft_DF1,0032,0.313,0.336,0.372,0.493,1,0.9967
C_3_11_smp_su_09-09_17-46-00_c_aft_DF1,0032,0.313,0.336,0.372,0.493,2,0.0010
C_3_11_smp_su_09-09_17-46-00_c_aft_DF1,0032,0.313,0.336,0.372,0.493,3,0.0007
C_3_11_smp_su_09-09_17-46-00_c_aft_DF1,0032,0.314,0.316,0.363,0.493,1,0.9955
C_3_11_smp_su_09-09_17-46-00_c_aft_DF1,0032,0.314,0.316,0.363,0.493,2,0.0014
C_3_11_smp_su_09-09_17-46-00_c_aft_DF1,0032,0.314,0.316,0.363,0.493,3,0.0009
C_4_20_smp_cl_09-05_14-02-00_b_aft_DF1,0040,0.656,0.300,0.709,0.468,1,0.0000
C_4_20_smp_cl_09-05_14-02-00_b_aft_DF1,0040,0.656,0.300,0.709,0.468,2,0.0000
C_4_20_smp_cl_09-05_14-02-00_b_aft_DF1,0040,0.656,0.300,0.709,0.468,3,1.0000
C_4_20_smp_cl_09-05_14-02-00_b_aft_DF1,0040,0.655,0.309,0.687,0.477,1,0.0000
C_4_20_smp_cl_09-05_14-02-00_b_aft_DF1,0040,0.655,0.309,0.687,0.477,2,0.0000
C_4_20_smp_cl_09-05_14-02-00_b_aft_DF1,0040,0.655,0.309,0.687,0.477,3,1.0000
C_4_20_smp_cl_09-05_14-02-00_b_aft_DF1,0040,0.631,0.312,0.680,0.479,1,0.0000
C_4_20_smp_cl_09-05_14-02-00_b_aft_DF1,0040,0.631,0.312,0.680,0.479,2,0.0000
C_4_20_smp_cl_09-05_14-02-00_b_aft_DF1,0040,0.631,0.312,0.680,0.479,3,1.0000
C_4_20_smp_cl_09-05_14-02-00_a_aft_DF1,0036,0.390,0.470,0.454,0.684,1,0.0000
C_4_20_smp_cl_09-05_14-02-00_a_aft_DF1,0036,0.390,0.470,0.454,0.684,2,0.0000
C_4_20_smp_cl_09-05_14-02-00_a_aft_DF1,0036,0.390,0.470,0.454,0.684,3,1.0000
C_4_11_smp_cl_08-31_14-09-00_b_aft_DF1,0036,0.504,0.328,0.576,0.531,1,0.0000
C_4_11_smp_cl_08-31_14-09-00_b_aft_DF1,0036,0.504,0.328,0.576,0.531,2,0.0000
C_4_11_smp_cl_08-31_14-09-00_b_aft_DF1,0036,0.504,0.328,0.576,0.531,3,1.0000
C_4_11_smp_cl_08-31_14-09-00_b_aft_DF1,0036,0.494,0.399,0.558,0.602,1,0.0000
C_4_11_smp_cl_08-31_14-09-00_b_aft_DF1,0036,0.494,0.399,0.558,0.602,2,0.0000
C_4_11_smp_cl_08-31_14-09-00_b_aft_DF1,0036,0.494,0.399,0.558,0.602,3,1.0000
C_4_11_smp_cl_08-31_14-09-00_b_aft_DF1,0036,0.491,0.370,0.547,0.600,1,0.0000
C_4_11_smp_cl_08-31_14-09-00_b_aft_DF1,0036,0.491,0.370,0.547,0.600,2,0.0000
C_4_11_smp_cl_08-31_14-09-00_b_aft_DF1,0036,0.491,0.370,0.547,0.600,3,1.0000
C_4_11_smp_cl_08-31_14-12-00_c_aft_DF1,0036,0.356,0.343,0.437,0.586,1,0.0000
C_4_11_smp_cl_08-31_14-12-00_c_aft_DF1,0036,0.356,0.343,0.437,0.586,2,0.0000
C_4_11_smp_cl_08-31_14-12-00_c_aft_DF1,0036,0.356,0.343,0.437,0.586,3,1.0000
C_4_11_smp_cl_08-31_14-12-00_c_aft_DF1,0036,0.363,0.341,0.438,0.584,1,0.0000
C_4_11_smp_cl_08-31_14-12-00_c_aft_DF1,0036,0.363,0.341,0.438,0.584,2,0.0000
C_4_11_smp_cl_08-31_14-12-00_c_aft_DF1,0036,0.363,0.341,0.438,0.584,3,1.0000
C_3_4_smp_cl_09-08_13-49-00_c_aft_DF1,0024,0.395,0.551,0.484,0.712,1,1.0000
C_3_4_smp_cl_09-08_13-49-00_c_aft_DF1,0024,0.395,0.551,0.484,0.712,2,0.0000
C_3_4_smp_cl_09-08_13-49-00_c_aft_DF1,0024,0.395,0.551,0.484,0.712,3,0.0001
C_3_4_smp_cl_09-08_13-49-00_c_aft_DF1,0024,0.397,0.527,0.477,0.693,1,1.0000
C_3_4_smp_cl_09-08_13-49-00_c_aft_DF1,0024,0.397,0.527,0.477,0.693,2,0.0000
C_3_4_smp_cl_09-08_13-49-00_c_aft_DF1,0024,0.397,0.527,0.477,0.693,3,0.0001
C_3_4_smp_cl_09-08_13-49-00_c_aft_DF1,0024,0.399,0.493,0.459,0.695,1,1.0000
C_3_4_smp_cl_09-08_13-49-00_c_aft_DF1,0024,0.399,0.493,0.459,0.695,2,0.0000
C_3_4_smp_cl_09-08_13-49-00_c_aft_DF1,0024,0.399,0.493,0.459,0.695,3,0.0000
C_3_4_smp_cl_09-08_13-49-00_a_aft_DF1,0100,0.590,0.399,0.655,0.594,1,1.0000
C_3_4_smp_cl_09-08_13-49-00_a_aft_DF1,0100,0.590,0.399,0.655,0.594,2,0.0000
C_3_4_smp_cl_09-08_13-49-00_a_aft_DF1,0100,0.590,0.399,0.655,0.594,3,0.0000
C_4_11_smp_cl_08-31_14-12-00_c_aft_DF1,0032,0.399,0.317,0.470,0.533,1,0.0000
C_4_11_smp_cl_08-31_14-12-00_c_aft_DF1,0032,0.399,0.317,0.470,0.533,2,0.0000
C_4_11_smp_cl_08-31_14-12-00_c_aft_DF1,0032,0.399,0.317,0.470,0.533,3,1.0000
C_4_11_smp_cl_08-31_14-12-00_c_aft_DF1,0032,0.436,0.348,0.484,0.536,1,0.0000
C_4_11_smp_cl_08-31_14-12-00_c_aft_DF1,0032,0.436,0.348,0.484,0.536,2,0.0000
C_4_11_smp_cl_08-31_14-12-00_c_aft_DF1,0032,0.436,0.348,0.484,0.536,3,1.0000
C_4_11_smp_cl_08-31_14-12-00_c_aft_DF1,0032,0.445,0.312,0.488,0.536,1,0.0000
C_4_11_smp_cl_08-31_14-12-00_c_aft_DF1,0032,0.445,0.312,0.488,0.536,2,0.0000
C_4_11_smp_cl_08-31_14-12-00_c_aft_DF1,0032,0.445,0.312,0.488,0.536,3,1.0000
C_4_11_smp_cl_08-31_14-12-00_c_aft_DF1,0040,0.441,0.314,0.516,0.544,1,0.0000
C_4_11_smp_cl_08-31_14-12-00_c_aft_DF1,0040,0.441,0.314,0.516,0.544,2,0.0000
C_4_11_smp_cl_08-31_14-12-00_c_aft_DF1,0040,0.441,0.314,0.516,0.544,3,1.0000
C_7_11_smp_cl_09-10_15-43-00_c_aft_DF1,0060,0.179,0.311,0.236,0.486,1,0.0001
C_7_11_smp_cl_09-10_15-43-00_c_aft_DF1,0060,0.179,0.311,0.236,0.486,2,0.9999
C_7_11_smp_cl_09-10_15-43-00_c_aft_DF1,0060,0.179,0.311,0.236,0.486,3,0.0001
C_7_11_smp_cl_09-10_15-43-00_c_aft_DF1,0060,0.176,0.310,0.236,0.486,1,0.0001
C_7_11_smp_cl_09-10_15-43-00_c_aft_DF1,0060,0.176,0.310,0.236,0.486,2,0.9999
C_7_11_smp_cl_09-10_15-43-00_c_aft_DF1,0060,0.176,0.310,0.236,0.486,3,0.0001
C_7_11_smp_cl_09-10_15-43-00_c_aft_DF1,0060,0.178,0.313,0.239,0.487,1,0.0001
C_7_11_smp_cl_09-10_15-43-00_c_aft_DF1,0060,0.178,0.313,0.239,0.487,2,0.9999
C_7_11_smp_cl_09-10_15-43-00_c_aft_DF1,0060,0.178,0.313,0.239,0.487,3,0.0001
C_4_11_smp_cl_08-31_14-13-00_b_aft_DF1,0040,0.499,0.348,0.581,0.591,1,0.0000
C_4_11_smp_cl_08-31_14-13-00_b_aft_DF1,0040,0.499,0.348,0.581,0.591,2,0.0000
C_4_11_smp_cl_08-31_14-13-00_b_aft_DF1,0040,0.499,0.348,0.581,0.591,3,1.0000
C_4_11_smp_cl_08-31_14-13-00_b_aft_DF1,0040,0.491,0.383,0.572,0.576,1,0.0000
C_4_11_smp_cl_08-31_14-13-00_b_aft_DF1,0040,0.491,0.383,0.572,0.576,2,0.0000
C_4_11_smp_cl_08-31_14-13-00_b_aft_DF1,0040,0.491,0.383,0.572,0.576,3,1.0000
C_4_11_smp_cl_08-31_14-13-00_b_aft_DF1,0040,0.481,0.350,0.550,0.593,1,0.0000
C_4_11_smp_cl_08-31_14-13-00_b_aft_DF1,0040,0.481,0.350,0.550,0.593,2,0.0000
C_4_11_smp_cl_08-31_14-13-00_b_aft_DF1,0040,0.481,0.350,0.550,0.593,3,1.0000
C_4_20_smp_cl_09-05_14-02-00_c_aft_DF1,0096,0.184,0.288,0.276,0.447,1,0.0000
C_4_20_smp_cl_09-05_14-02-00_c_aft_DF1,0096,0.184,0.288,0.276,0.447,2,0.0000
C_4_20_smp_cl_09-05_14-02-00_c_aft_DF1,0096,0.184,0.288,0.276,0.447,3,1.0000
C_4_20_smp_cl_09-05_14-02-00_c_aft_DF1,0096,0.191,0.273,0.245,0.450,1,0.0000
C_4_20_smp_cl_09-05_14-02-00_c_aft_DF1,0096,0.191,0.273,0.245,0.450,2,0.0000
C_4_20_smp_cl_09-05_14-02-00_c_aft_DF1,0096,0.191,0.273,0.245,0.450,3,1.0000
C_4_20_smp_cl_09-05_14-02-00_c_aft_DF1,0096,0.186,0.266,0.245,0.457,1,0.0000
C_4_20_smp_cl_09-05_14-02-00_c_aft_DF1,0096,0.186,0.266,0.245,0.457,2,0.0000
C_4_20_smp_cl_09-05_14-02-00_c_aft_DF1,0096,0.186,0.266,0.245,0.457,3,1.0000
C_4_20_smp_cl_09-05_14-02-00_c_aft_DF1,0096,0.335,0.379,0.412,0.624,1,0.0000
C_4_20_smp_cl_09-05_14-02-00_c_aft_DF1,0096,0.335,0.379,0.412,0.624,2,0.0000
C_4_20_smp_cl_09-05_14-02-00_c_aft_DF1,0096,0.335,0.379,0.412,0.624,3,1.0000
C_4_20_smp_cl_09-05_14-02-00_c_aft_DF1,0096,0.327,0.381,0.387,0.625,1,0.0000
C_4_20_smp_cl_09-05_14-02-00_c_aft_DF1,0096,0.327,0.381,0.387,0.625,2,0.0000
C_4_20_smp_cl_09-05_14-02-00_c_aft_DF1,0096,0.327,0.381,0.387,0.625,3,1.0000
C_4_20_smp_cl_09-05_14-02-00_c_aft_DF1,0096,0.312,0.394,0.386,0.637,1,0.0000
C_4_20_smp_cl_09-05_14-02-00_c_aft_DF1,0096,0.312,0.394,0.386,0.637,2,0.0000
C_4_20_smp_cl_09-05_14-02-00_c_aft_DF1,0096,0.312,0.394,0.386,0.637,3,1.0000
C_4_20_smp_cl_09-05_13-58-00_b_aft_DF1,0104,0.503,0.365,0.570,0.583,1,0.0000
C_4_20_smp_cl_09-05_13-58-00_b_aft_DF1,0104,0.503,0.365,0.570,0.583,2,0.0000
C_4_20_smp_cl_09-05_13-58-00_b_aft_DF1,0104,0.503,0.365,0.570,0.583,3,1.0000
C_4_20_smp_cl_09-05_13-58-00_b_aft_DF1,0104,0.534,0.382,0.577,0.583,1,0.0000
C_4_20_smp_cl_09-05_13-58-00_b_aft_DF1,0104,0.534,0.382,0.577,0.583,2,0.0000
C_4_20_smp_cl_09-05_13-58-00_b_aft_DF1,0104,0.534,0.382,0.577,0.583,3,1.0000
C_4_20_smp_cl_09-05_13-58-00_b_aft_DF1,0104,0.538,0.380,0.617,0.583,1,0.0000
C_4_20_smp_cl_09-05_13-58-00_b_aft_DF1,0104,0.538,0.380,0.617,0.583,2,0.0000
C_4_20_smp_cl_09-05_13-58-00_b_aft_DF1,0104,0.538,0.380,0.617,0.583,3,1.0000
C_4_11_smp_cl_08-31_14-01-00_b_aft_DF1,0052,0.507,0.391,0.597,0.668,1,0.0000
C_4_11_smp_cl_08-31_14-01-00_b_aft_DF1,0052,0.507,0.391,0.597,0.668,2,0.0000
C_4_11_smp_cl_08-31_14-01-00_b_aft_DF1,0052,0.507,0.391,0.597,0.668,3,1.0000
C_4_11_smp_cl_08-31_14-01-00_b_aft_DF1,0052,0.508,0.386,0.587,0.667,1,0.0000
C_4_11_smp_cl_08-31_14-01-00_b_aft_DF1,0052,0.508,0.386,0.587,0.667,2,0.0000
C_4_11_smp_cl_08-31_14-01-00_b_aft_DF1,0052,0.508,0.386,0.587,0.667,3,1.0000
C_4_11_smp_cl_08-31_14-05-00_a_aft_DF1,0048,0.519,0.384,0.580,0.665,1,0.0000
C_4_11_smp_cl_08-31_14-05-00_a_aft_DF1,0048,0.519,0.384,0.580,0.665,2,0.0000
C_4_11_smp_cl_08-31_14-05-00_a_aft_DF1,0048,0.519,0.384,0.580,0.665,3,1.0000
C_4_11_smp_cl_08-31_14-05-00_a_aft_DF1,0048,0.509,0.383,0.579,0.660,1,0.0000
C_4_11_smp_cl_08-31_14-05-00_a_aft_DF1,0048,0.509,0.383,0.579,0.660,2,0.0000
C_4_11_smp_cl_08-31_14-05-00_a_aft_DF1,0048,0.509,0.383,0.579,0.660,3,1.0000
C_4_11_smp_cl_08-31_14-05-00_a_aft_DF1,0048,0.506,0.396,0.572,0.660,1,0.0000
C_4_11_smp_cl_08-31_14-05-00_a_aft_DF1,0048,0.506,0.396,0.572,0.660,2,0.0000
C_4_11_smp_cl_08-31_14-05-00_a_aft_DF1,0048,0.506,0.396,0.572,0.660,3,1.0000
C_3_11_smp_su_09-09_17-46-00_b_aft_DF1,0036,0.587,0.516,0.630,0.718,1,1.0000
C_3_11_smp_su_09-09_17-46-00_b_aft_DF1,0036,0.587,0.516,0.630,0.718,2,0.0000
C_3_11_smp_su_09-09_17-46-00_b_aft_DF1,0036,0.587,0.516,0.630,0.718,3,0.0000
C_3_11_smp_su_09-09_17-46-00_b_aft_DF1,0036,0.595,0.527,0.641,0.732,1,1.0000
C_3_11_smp_su_09-09_17-46-00_b_aft_DF1,0036,0.595,0.527,0.641,0.732,2,0.0000
C_3_11_smp_su_09-09_17-46-00_b_aft_DF1,0036,0.595,0.527,0.641,0.732,3,0.0000
C_3_11_smp_su_09-09_17-46-00_b_aft_DF1,0036,0.595,0.544,0.656,0.740,1,1.0000
C_3_11_smp_su_09-09_17-46-00_b_aft_DF1,0036,0.595,0.544,0.656,0.740,2,0.0000
C_3_11_smp_su_09-09_17-46-00_b_aft_DF1,0036,0.595,0.544,0.656,0.740,3,0.0000
C_3_4_smp_cl_09-08_13-57-00_b_aft_DF1,0056,0.743,0.404,0.819,0.590,1,0.9958
C_3_4_smp_cl_09-08_13-57-00_b_aft_DF1,0056,0.743,0.404,0.819,0.590,2,0.0020
C_3_4_smp_cl_09-08_13-57-00_b_aft_DF1,0056,0.743,0.404,0.819,0.590,3,0.0013
C_3_4_smp_cl_09-08_13-57-00_b_aft_DF1,0056,0.743,0.433,0.827,0.590,1,0.9952
C_3_4_smp_cl_09-08_13-57-00_b_aft_DF1,0056,0.743,0.433,0.827,0.590,2,0.0024
C_3_4_smp_cl_09-08_13-57-00_b_aft_DF1,0056,0.743,0.433,0.827,0.590,3,0.0015
C_3_4_smp_cl_09-08_13-57-00_b_aft_DF1,0056,0.743,0.436,0.824,0.590,1,0.9951
C_3_4_smp_cl_09-08_13-57-00_b_aft_DF1,0056,0.743,0.436,0.824,0.590,2,0.0024
C_3_4_smp_cl_09-08_13-57-00_b_aft_DF1,0056,0.743,0.436,0.824,0.590,3,0.0015
C_3_11_smp_su_09-09_17-46-00_a_aft_DF1,0040,0.481,0.391,0.543,0.605,1,1.0000
C_3_11_smp_su_09-09_17-46-00_a_aft_DF1,0040,0.481,0.391,0.543,0.605,2,0.0000
C_3_11_smp_su_09-09_17-46-00_a_aft_DF1,0040,0.481,0.391,0.543,0.605,3,0.0000
C_4_20_smp_cl_09-05_14-05-00_c_aft_DF1,0108,0.242,0.286,0.283,0.460,1,0.0000
C_4_20_smp_cl_09-05_14-05-00_c_aft_DF1,0108,0.242,0.286,0.283,0.460,2,0.0000
C_4_20_smp_cl_09-05_14-05-00_c_aft_DF1,0108,0.242,0.286,0.283,0.460,3,1.0000
C_4_20_smp_cl_09-05_14-05-00_c_aft_DF1,0108,0.232,0.293,0.272,0.461,1,0.0000
C_4_20_smp_cl_09-05_14-05-00_c_aft_DF1,0108,0.232,0.293,0.272,0.461,2,0.0000
C_4_20_smp_cl_09-05_14-05-00_c_aft_DF1,0108,0.232,0.293,0.272,0.461,3,1.0000
C_4_11_smp_cl_08-31_14-05-00_a_aft_DF1,0040,0.488,0.418,0.540,0.697,1,0.0001
C_4_11_smp_cl_08-31_14-05-00_a_aft_DF1,0040,0.488,0.418,0.540,0.697,2,0.0000
C_4_11_smp_cl_08-31_14-05-00_a_aft_DF1,0040,0.488,0.418,0.540,0.697,3,1.0000
C_4_11_smp_cl_08-31_14-05-00_a_aft_DF1,0040,0.496,0.409,0.558,0.678,1,0.0000
C_4_11_smp_cl_08-31_14-05-00_a_aft_DF1,0040,0.496,0.409,0.558,0.678,2,0.0000
C_4_11_smp_cl_08-31_14-05-00_a_aft_DF1,0040,0.496,0.409,0.558,0.678,3,1.0000
C_3_12_smp_su_09-09_17-51-00_b_aft_DF1,0088,0.669,0.467,0.718,0.668,1,1.0000
C_3_12_smp_su_09-09_17-51-00_b_aft_DF1,0088,0.669,0.467,0.718,0.668,2,0.0000
C_3_12_smp_su_09-09_17-51-00_b_aft_DF1,0088,0.669,0.467,0.718,0.668,3,0.0014
C_3_12_smp_su_09-09_17-51-00_b_aft_DF1,0088,0.669,0.467,0.718,0.668,1,1.0000
C_3_12_smp_su_09-09_17-51-00_b_aft_DF1,0088,0.669,0.467,0.718,0.668,2,0.0000
C_3_12_smp_su_09-09_17-51-00_b_aft_DF1,0088,0.669,0.467,0.718,0.668,3,0.0015
C_3_12_smp_su_09-09_17-51-00_b_aft_DF1,0088,0.669,0.466,0.718,0.668,1,1.0000
C_3_12_smp_su_09-09_17-51-00_b_aft_DF1,0088,0.669,0.466,0.718,0.668,2,0.0000
C_3_12_smp_su_09-09_17-51-00_b_aft_DF1,0088,0.669,0.466,0.718,0.668,3,0.0015
C_4_20_smp_cl_09-05_13-58-00_b_aft_DF1,0108,0.571,0.356,0.617,0.627,1,0.0000
C_4_20_smp_cl_09-05_13-58-00_b_aft_DF1,0108,0.571,0.356,0.617,0.627,2,0.0000
C_4_20_smp_cl_09-05_13-58-00_b_aft_DF1,0108,0.571,0.356,0.617,0.627,3,1.0000
C_7_11_smp_cl_09-10_15-43-00_b_aft_DF1,0116,0.715,0.323,0.768,0.595,1,0.0000
C_7_11_smp_cl_09-10_15-43-00_b_aft_DF1,0116,0.715,0.323,0.768,0.595,2,1.0000
C_7_11_smp_cl_09-10_15-43-00_b_aft_DF1,0116,0.715,0.323,0.768,0.595,3,0.0000
C_7_11_smp_cl_09-10_15-43-00_b_aft_DF1,0116,0.697,0.328,0.766,0.597,1,0.0000
C_7_11_smp_cl_09-10_15-43-00_b_aft_DF1,0116,0.697,0.328,0.766,0.597,2,1.0000
C_7_11_smp_cl_09-10_15-43-00_b_aft_DF1,0116,0.697,0.328,0.766,0.597,3,0.0000
C_7_11_smp_cl_09-10_15-43-00_b_aft_DF1,0116,0.677,0.327,0.751,0.589,1,0.0000
C_7_11_smp_cl_09-10_15-43-00_b_aft_DF1,0116,0.677,0.327,0.751,0.589,2,1.0000
C_7_11_smp_cl_09-10_15-43-00_b_aft_DF1,0116,0.677,0.327,0.751,0.589,3,0.0000
C_3_11_smp_su_09-09_17-46-00_b_aft_DF1,0084,0.551,0.605,0.627,0.876,1,0.9998
C_3_11_smp_su_09-09_17-46-00_b_aft_DF1,0084,0.551,0.605,0.627,0.876,2,0.0000
C_3_11_smp_su_09-09_17-46-00_b_aft_DF1,0084,0.551,0.605,0.627,0.876,3,0.0005
C_3_11_smp_su_09-09_17-46-00_b_aft_DF1,0084,0.557,0.601,0.621,0.886,1,0.9998
C_3_11_smp_su_09-09_17-46-00_b_aft_DF1,0084,0.557,0.601,0.621,0.886,2,0.0000
C_3_11_smp_su_09-09_17-46-00_b_aft_DF1,0084,0.557,0.601,0.621,0.886,3,0.0003
C_3_11_smp_su_09-09_17-46-00_b_aft_DF1,0084,0.552,0.589,0.617,0.887,1,1.0000
C_3_11_smp_su_09-09_17-46-00_b_aft_DF1,0084,0.552,0.589,0.617,0.887,2,0.0000
C_3_11_smp_su_09-09_17-46-00_b_aft_DF1,0084,0.552,0.589,0.617,0.887,3,0.0000
C_3_11_smp_su_09-09_17-46-00_b_aft_DF1,0084,0.739,0.566,0.786,0.706,1,0.6528
C_3_11_smp_su_09-09_17-46-00_b_aft_DF1,0084,0.739,0.566,0.786,0.706,2,0.0000
C_3_11_smp_su_09-09_17-46-00_b_aft_DF1,0084,0.739,0.566,0.786,0.706,3,0.5326
C_3_11_smp_su_09-09_17-46-00_b_aft_DF1,0084,0.738,0.568,0.788,0.710,1,0.6677
C_3_11_smp_su_09-09_17-46-00_b_aft_DF1,0084,0.738,0.568,0.788,0.710,2,0.0000
C_3_11_smp_su_09-09_17-46-00_b_aft_DF1,0084,0.738,0.568,0.788,0.710,3,0.5636
C_3_11_smp_su_09-09_17-46-00_b_aft_DF1,0084,0.738,0.571,0.786,0.710,1,0.6478
C_3_11_smp_su_09-09_17-46-00_b_aft_DF1,0084,0.738,0.571,0.786,0.710,2,0.0000
C_3_11_smp_su_09-09_17-46-00_b_aft_DF1,0084,0.738,0.571,0.786,0.710,3,0.6025
C_7_6_jap_cl_09-04_10-16-00_c_for_DF3,0084,0.356,0.377,0.439,0.593,1,0.0000
C_7_6_jap_cl_09-04_10-16-00_c_for_DF3,0084,0.356,0.377,0.439,0.593,2,1.0000
C_7_6_jap_cl_09-04_10-16-00_c_for_DF3,0084,0.356,0.377,0.439,0.593,3,0.0000
C_7_6_jap_cl_09-04_10-16-00_c_for_DF3,0084,0.340,0.377,0.437,0.593,1,0.0000
C_7_6_jap_cl_09-04_10-16-00_c_for_DF3,0084,0.340,0.377,0.437,0.593,2,1.0000
C_7_6_jap_cl_09-04_10-16-00_c_for_DF3,0084,0.340,0.377,0.437,0.593,3,0.0000
C_7_6_jap_cl_09-04_10-16-00_c_for_DF3,0084,0.338,0.378,0.437,0.593,1,0.0000
C_7_6_jap_cl_09-04_10-16-00_c_for_DF3,0084,0.338,0.378,0.437,0.593,2,1.0000
C_7_6_jap_cl_09-04_10-16-00_c_for_DF3,0084,0.338,0.378,0.437,0.593,3,0.0000
C_3_4_smp_cl_09-08_13-44-00_c_aft_DF1,0096,0.199,0.332,0.272,0.721,1,1.0000
C_3_4_smp_cl_09-08_13-44-00_c_aft_DF1,0096,0.199,0.332,0.272,0.721,2,0.0000
C_3_4_smp_cl_09-08_13-44-00_c_aft_DF1,0096,0.199,0.332,0.272,0.721,3,0.0001
C_3_4_smp_cl_09-08_13-44-00_c_aft_DF1,0096,0.222,0.364,0.312,0.730,1,1.0000
C_3_4_smp_cl_09-08_13-44-00_c_aft_DF1,0096,0.222,0.364,0.312,0.730,2,0.0000
C_3_4_smp_cl_09-08_13-44-00_c_aft_DF1,0096,0.222,0.364,0.312,0.730,3,0.0000
C_3_4_smp_cl_09-08_13-44-00_c_aft_DF1,0096,0.229,0.431,0.325,0.771,1,1.0000
C_3_4_smp_cl_09-08_13-44-00_c_aft_DF1,0096,0.229,0.431,0.325,0.771,2,0.0000
C_3_4_smp_cl_09-08_13-44-00_c_aft_DF1,0096,0.229,0.431,0.325,0.771,3,0.0001
C_3_4_smp_cl_09-08_13-49-00_b_aft_DF1,0024,0.738,0.395,0.821,0.527,1,0.9933
C_3_4_smp_cl_09-08_13-49-00_b_aft_DF1,0024,0.738,0.395,0.821,0.527,2,0.0020
C_3_4_smp_cl_09-08_13-49-00_b_aft_DF1,0024,0.738,0.395,0.821,0.527,3,0.0030
C_3_4_smp_cl_09-08_13-49-00_b_aft_DF1,0024,0.738,0.412,0.827,0.527,1,0.9942
C_3_4_smp_cl_09-08_13-49-00_b_aft_DF1,0024,0.738,0.412,0.827,0.527,2,0.0019
C_3_4_smp_cl_09-08_13-49-00_b_aft_DF1,0024,0.738,0.412,0.827,0.527,3,0.0027
C_3_4_smp_cl_09-08_13-49-00_b_aft_DF1,0024,0.737,0.405,0.824,0.528,1,0.9940
C_3_4_smp_cl_09-08_13-49-00_b_aft_DF1,0024,0.737,0.405,0.824,0.528,2,0.0018
C_3_4_smp_cl_09-08_13-49-00_b_aft_DF1,0024,0.737,0.405,0.824,0.528,3,0.0028
C_3_4_smp_cl_09-08_13-49-00_c_aft_DF1,0064,0.486,0.602,0.567,0.862,1,1.0000
C_3_4_smp_cl_09-08_13-49-00_c_aft_DF1,0064,0.486,0.602,0.567,0.862,2,0.0000
C_3_4_smp_cl_09-08_13-49-00_c_aft_DF1,0064,0.486,0.602,0.567,0.862,3,0.0000
C_3_4_smp_cl_09-08_13-49-00_c_aft_DF1,0064,0.488,0.643,0.557,0.868,1,1.0000
C_3_4_smp_cl_09-08_13-49-00_c_aft_DF1,0064,0.488,0.643,0.557,0.868,2,0.0000
C_3_4_smp_cl_09-08_13-49-00_c_aft_DF1,0064,0.488,0.643,0.557,0.868,3,0.0001
C_3_4_smp_cl_09-08_13-49-00_c_aft_DF1,0064,0.490,0.626,0.555,0.868,1,1.0000
C_3_4_smp_cl_09-08_13-49-00_c_aft_DF1,0064,0.490,0.626,0.555,0.868,2,0.0000
C_3_4_smp_cl_09-08_13-49-00_c_aft_DF1,0064,0.490,0.626,0.555,0.868,3,0.0000
C_4_20_smp_cl_09-05_14-05-00_a_aft_DF1,0040,0.510,0.473,0.569,0.672,1,0.0000
C_4_20_smp_cl_09-05_14-05-00_a_aft_DF1,0040,0.510,0.473,0.569,0.672,2,0.0000
C_4_20_smp_cl_09-05_14-05-00_a_aft_DF1,0040,0.510,0.473,0.569,0.672,3,1.0000
C_4_20_smp_cl_09-05_14-05-00_a_aft_DF1,0040,0.508,0.474,0.570,0.673,1,0.0000
C_4_20_smp_cl_09-05_14-05-00_a_aft_DF1,0040,0.508,0.474,0.570,0.673,2,0.0000
C_4_20_smp_cl_09-05_14-05-00_a_aft_DF1,0040,0.508,0.474,0.570,0.673,3,1.0000
C_4_20_smp_cl_09-05_14-05-00_a_aft_DF1,0040,0.519,0.473,0.566,0.673,1,0.0000
C_4_20_smp_cl_09-05_14-05-00_a_aft_DF1,0040,0.519,0.473,0.566,0.673,2,0.0000
C_4_20_smp_cl_09-05_14-05-00_a_aft_DF1,0040,0.519,0.473,0.566,0.673,3,1.0000
C_3_11_smp_su_09-09_17-46-00_a_aft_DF1,0084,0.327,0.372,0.389,0.614,1,1.0000
C_3_11_smp_su_09-09_17-46-00_a_aft_DF1,0084,0.327,0.372,0.389,0.614,2,0.0000
C_3_11_smp_su_09-09_17-46-00_a_aft_DF1,0084,0.327,0.372,0.389,0.614,3,0.0000
C_3_11_smp_su_09-09_17-46-00_a_aft_DF1,0084,0.332,0.387,0.394,0.615,1,1.0000
C_3_11_smp_su_09-09_17-46-00_a_aft_DF1,0084,0.332,0.387,0.394,0.615,2,0.0000
C_3_11_smp_su_09-09_17-46-00_a_aft_DF1,0084,0.332,0.387,0.394,0.615,3,0.0000
C_3_11_smp_su_09-09_17-46-00_a_aft_DF1,0084,0.334,0.406,0.410,0.615,1,0.9999
C_3_11_smp_su_09-09_17-46-00_a_aft_DF1,0084,0.334,0.406,0.410,0.615,2,0.0000
C_3_11_smp_su_09-09_17-46-00_a_aft_DF1,0084,0.334,0.406,0.410,0.615,3,0.0001
C_3_11_smp_su_09-09_17-46-00_a_aft_DF1,0084,0.622,0.357,0.680,0.570,1,1.0000
C_3_11_smp_su_09-09_17-46-00_a_aft_DF1,0084,0.622,0.357,0.680,0.570,2,0.0000
C_3_11_smp_su_09-09_17-46-00_a_aft_DF1,0084,0.622,0.357,0.680,0.570,3,0.0000
C_3_11_smp_su_09-09_17-46-00_a_aft_DF1,0084,0.618,0.371,0.674,0.576,1,1.0000
C_3_11_smp_su_09-09_17-46-00_a_aft_DF1,0084,0.618,0.371,0.674,0.576,2,0.0000
C_3_11_smp_su_09-09_17-46-00_a_aft_DF1,0084,0.618,0.371,0.674,0.576,3,0.0000
C_3_11_smp_su_09-09_17-46-00_a_aft_DF1,0084,0.617,0.401,0.676,0.581,1,1.0000
C_3_11_smp_su_09-09_17-46-00_a_aft_DF1,0084,0.617,0.401,0.676,0.581,2,0.0000
C_3_11_smp_su_09-09_17-46-00_a_aft_DF1,0084,0.617,0.401,0.676,0.581,3,0.0000
C_3_13_smp_su_09-09_13-50-00_b_aft_DF1,0064,0.721,0.459,0.754,0.651,1,1.0000
C_3_13_smp_su_09-09_13-50-00_b_aft_DF1,0064,0.721,0.459,0.754,0.651,2,0.0000
C_3_13_smp_su_09-09_13-50-00_b_aft_DF1,0064,0.721,0.459,0.754,0.651,3,0.0000
C_3_13_smp_su_09-09_13-50-00_b_aft_DF1,0064,0.720,0.437,0.766,0.654,1,1.0000
C_3_13_smp_su_09-09_13-50-00_b_aft_DF1,0064,0.720,0.437,0.766,0.654,2,0.0000
C_3_13_smp_su_09-09_13-50-00_b_aft_DF1,0064,0.720,0.437,0.766,0.654,3,0.0000
C_4_20_smp_cl_09-05_13-58-00_c_aft_DF1,0036,0.339,0.382,0.405,0.625,1,0.0000
C_4_20_smp_cl_09-05_13-58-00_c_aft_DF1,0036,0.339,0.382,0.405,0.625,2,0.0000
C_4_20_smp_cl_09-05_13-58-00_c_aft_DF1,0036,0.339,0.382,0.405,0.625,3,1.0000
C_4_20_smp_cl_09-05_13-58-00_c_aft_DF1,0036,0.327,0.370,0.405,0.624,1,0.0000
C_4_20_smp_cl_09-05_13-58-00_c_aft_DF1,0036,0.327,0.370,0.405,0.624,2,0.0000
C_4_20_smp_cl_09-05_13-58-00_c_aft_DF1,0036,0.327,0.370,0.405,0.624,3,1.0000
C_4_20_smp_cl_09-05_13-58-00_c_aft_DF1,0036,0.249,0.299,0.311,0.506,1,0.0000
C_4_20_smp_cl_09-05_13-58-00_c_aft_DF1,0036,0.249,0.299,0.311,0.506,2,0.0000
C_4_20_smp_cl_09-05_13-58-00_c_aft_DF1,0036,0.249,0.299,0.311,0.506,3,1.0000
C_4_20_smp_cl_09-05_13-58-00_c_aft_DF1,0036,0.248,0.298,0.301,0.506,1,0.0000
C_4_20_smp_cl_09-05_13-58-00_c_aft_DF1,0036,0.248,0.298,0.301,0.506,2,0.0000
C_4_20_smp_cl_09-05_13-58-00_c_aft_DF1,0036,0.248,0.298,0.301,0.506,3,1.0000
C_4_20_smp_cl_09-05_13-58-00_c_aft_DF1,0036,0.253,0.299,0.296,0.512,1,0.0000
C_4_20_smp_cl_09-05_13-58-00_c_aft_DF1,0036,0.253,0.299,0.296,0.512,2,0.0000
C_4_20_smp_cl_09-05_13-58-00_c_aft_DF1,0036,0.253,0.299,0.296,0.512,3,1.0000
C_4_20_smp_cl_09-05_13-58-00_a_aft_DF1,0112,0.287,0.503,0.337,0.672,1,0.0000
C_4_20_smp_cl_09-05_13-58-00_a_aft_DF1,0112,0.287,0.503,0.337,0.672,2,0.0000
C_4_20_smp_cl_09-05_13-58-00_a_aft_DF1,0112,0.287,0.503,0.337,0.672,3,1.0000
C_4_20_smp_cl_09-05_13-58-00_a_aft_DF1,0112,0.269,0.512,0.355,0.673,1,0.0000
C_4_20_smp_cl_09-05_13-58-00_a_aft_DF1,0112,0.269,0.512,0.355,0.673,2,0.0000
C_4_20_smp_cl_09-05_13-58-00_a_aft_DF1,0112,0.269,0.512,0.355,0.673,3,1.0000
C_4_20_smp_cl_09-05_13-58-00_a_aft_DF1,0112,0.266,0.504,0.341,0.673,1,0.0000
C_4_20_smp_cl_09-05_13-58-00_a_aft_DF1,0112,0.266,0.504,0.341,0.673,2,0.0000
C_4_20_smp_cl_09-05_13-58-00_a_aft_DF1,0112,0.266,0.504,0.341,0.673,3,1.0000
C_7_6_jap_cl_09-04_10-16-00_c_for_DF3,0032,0.349,0.367,0.445,0.572,1,0.0014
C_7_6_jap_cl_09-04_10-16-00_c_for_DF3,0032,0.349,0.367,0.445,0.572,2,0.9994
C_7_6_jap_cl_09-04_10-16-00_c_for_DF3,0032,0.349,0.367,0.445,0.572,3,0.0000
C_7_6_jap_cl_09-04_10-16-00_c_for_DF3,0032,0.358,0.371,0.441,0.579,1,0.0007
C_7_6_jap_cl_09-04_10-16-00_c_for_DF3,0032,0.358,0.371,0.441,0.579,2,0.9997
C_7_6_jap_cl_09-04_10-16-00_c_for_DF3,0032,0.358,0.371,0.441,0.579,3,0.0000
C_7_6_jap_cl_09-04_10-16-00_c_for_DF3,0032,0.386,0.370,0.446,0.577,1,0.0026
C_7_6_jap_cl_09-04_10-16-00_c_for_DF3,0032,0.386,0.370,0.446,0.577,2,0.9984
C_7_6_jap_cl_09-04_10-16-00_c_for_DF3,0032,0.386,0.370,0.446,0.577,3,0.0000
C_4_11_smp_cl_08-31_14-01-00_c_aft_DF1,0052,0.339,0.320,0.409,0.577,1,0.0000
C_4_11_smp_cl_08-31_14-01-00_c_aft_DF1,0052,0.339,0.320,0.409,0.577,2,0.0000
C_4_11_smp_cl_08-31_14-01-00_c_aft_DF1,0052,0.339,0.320,0.409,0.577,3,1.0000
C_4_11_smp_cl_08-31_14-01-00_c_aft_DF1,0052,0.344,0.329,0.409,0.578,1,0.0000
C_4_11_smp_cl_08-31_14-01-00_c_aft_DF1,0052,0.344,0.329,0.409,0.578,2,0.0000
C_4_11_smp_cl_08-31_14-01-00_c_aft_DF1,0052,0.344,0.329,0.409,0.578,3,1.0000
C_4_11_smp_cl_08-31_14-01-00_c_aft_DF1,0052,0.357,0.296,0.412,0.532,1,0.0000
C_4_11_smp_cl_08-31_14-01-00_c_aft_DF1,0052,0.357,0.296,0.412,0.532,2,0.0000
C_4_11_smp_cl_08-31_14-01-00_c_aft_DF1,0052,0.357,0.296,0.412,0.532,3,1.0000
C_4_20_smp_cl_09-05_14-05-00_b_aft_DF1,0112,0.634,0.302,0.676,0.503,1,0.0000
C_4_20_smp_cl_09-05_14-05-00_b_aft_DF1,0112,0.634,0.302,0.676,0.503,2,0.0000
C_4_20_smp_cl_09-05_14-05-00_b_aft_DF1,0112,0.634,0.302,0.676,0.503,3,1.0000
C_4_20_smp_cl_09-05_14-05-00_b_aft_DF1,0112,0.629,0.300,0.675,0.506,1,0.0000
C_4_20_smp_cl_09-05_14-05-00_b_aft_DF1,0112,0.629,0.300,0.675,0.506,2,0.0000
C_4_20_smp_cl_09-05_14-05-00_b_aft_DF1,0112,0.629,0.300,0.675,0.506,3,1.0000
C_4_20_smp_cl_09-05_14-05-00_b_aft_DF1,0112,0.629,0.306,0.675,0.504,1,0.0000
C_4_20_smp_cl_09-05_14-05-00_b_aft_DF1,0112,0.629,0.306,0.675,0.504,2,0.0000
C_4_20_smp_cl_09-05_14-05-00_b_aft_DF1,0112,0.629,0.306,0.675,0.504,3,1.0000
C_4_20_smp_cl_09-05_14-05-00_b_aft_DF1,0112,0.476,0.418,0.557,0.652,1,0.0000
C_4_20_smp_cl_09-05_14-05-00_b_aft_DF1,0112,0.476,0.418,0.557,0.652,2,0.0000
C_4_20_smp_cl_09-05_14-05-00_b_aft_DF1,0112,0.476,0.418,0.557,0.652,3,1.0000
C_4_20_smp_cl_09-05_14-05-00_b_aft_DF1,0112,0.482,0.415,0.555,0.675,1,0.0000
C_4_20_smp_cl_09-05_14-05-00_b_aft_DF1,0112,0.482,0.415,0.555,0.675,2,0.0000
C_4_20_smp_cl_09-05_14-05-00_b_aft_DF1,0112,0.482,0.415,0.555,0.675,3,1.0000
C_4_20_smp_cl_09-05_14-05-00_b_aft_DF1,0112,0.500,0.415,0.568,0.691,1,0.0000
C_4_20_smp_cl_09-05_14-05-00_b_aft_DF1,0112,0.500,0.415,0.568,0.691,2,0.0000
C_4_20_smp_cl_09-05_14-05-00_b_aft_DF1,0112,0.500,0.415,0.568,0.691,3,1.0000
C_4_20_smp_cl_09-05_14-02-00_b_aft_DF1,0096,0.449,0.435,0.508,0.668,1,0.0000
C_4_20_smp_cl_09-05_14-02-00_b_aft_DF1,0096,0.449,0.435,0.508,0.668,2,0.0000
C_4_20_smp_cl_09-05_14-02-00_b_aft_DF1,0096,0.449,0.435,0.508,0.668,3,1.0000
C_4_20_smp_cl_09-05_14-02-00_b_aft_DF1,0096,0.450,0.448,0.512,0.674,1,0.0000
C_4_20_smp_cl_09-05_14-02-00_b_aft_DF1,0096,0.450,0.448,0.512,0.674,2,0.0000
C_4_20_smp_cl_09-05_14-02-00_b_aft_DF1,0096,0.450,0.448,0.512,0.674,3,1.0000
C_4_20_smp_cl_09-05_14-02-00_b_aft_DF1,0096,0.453,0.463,0.520,0.674,1,0.0000
C_4_20_smp_cl_09-05_14-02-00_b_aft_DF1,0096,0.453,0.463,0.520,0.674,2,0.0000
C_4_20_smp_cl_09-05_14-02-00_b_aft_DF1,0096,0.453,0.463,0.520,0.674,3,1.0000
C_4_20_smp_cl_09-05_14-02-00_b_aft_DF1,0096,0.605,0.329,0.652,0.516,1,0.0000
C_4_20_smp_cl_09-05_14-02-00_b_aft_DF1,0096,0.605,0.329,0.652,0.516,2,0.0000
C_4_20_smp_cl_09-05_14-02-00_b_aft_DF1,0096,0.605,0.329,0.652,0.516,3,1.0000
C_7_6_jap_cl_09-04_10-20-00_a_for_DF3,0092,0.460,0.419,0.519,0.729,1,0.0000
C_7_6_jap_cl_09-04_10-20-00_a_for_DF3,0092,0.460,0.419,0.519,0.729,2,1.0000
C_7_6_jap_cl_09-04_10-20-00_a_for_DF3,0092,0.460,0.419,0.519,0.729,3,0.0000
C_7_6_jap_cl_09-04_10-20-00_a_for_DF3,0092,0.460,0.417,0.519,0.731,1,0.0000
C_7_6_jap_cl_09-04_10-20-00_a_for_DF3,0092,0.460,0.417,0.519,0.731,2,1.0000
C_7_6_jap_cl_09-04_10-20-00_a_for_DF3,0092,0.460,0.417,0.519,0.731,3,0.0000
C_3_4_smp_cl_09-08_13-49-00_b_aft_DF1,0096,0.740,0.320,0.778,0.487,1,0.9830
C_3_4_smp_cl_09-08_13-49-00_b_aft_DF1,0096,0.740,0.320,0.778,0.487,2,0.0020
C_3_4_smp_cl_09-08_13-49-00_b_aft_DF1,0096,0.740,0.320,0.778,0.487,3,0.0087
C_3_4_smp_cl_09-08_13-49-00_b_aft_DF1,0096,0.741,0.324,0.783,0.490,1,0.9819
C_3_4_smp_cl_09-08_13-49-00_b_aft_DF1,0096,0.741,0.324,0.783,0.490,2,0.0022
C_3_4_smp_cl_09-08_13-49-00_b_aft_DF1,0096,0.741,0.324,0.783,0.490,3,0.0092
C_3_4_smp_cl_09-08_13-49-00_b_aft_DF1,0096,0.741,0.340,0.794,0.506,1,0.9860
C_3_4_smp_cl_09-08_13-49-00_b_aft_DF1,0096,0.741,0.340,0.794,0.506,2,0.0019
C_3_4_smp_cl_09-08_13-49-00_b_aft_DF1,0096,0.741,0.340,0.794,0.506,3,0.0089
C_4_33_smp_ra_09-06_19-14-00_b_nig_DF1,0096,0.516,0.213,0.555,0.393,1,0.0002
C_4_33_smp_ra_09-06_19-14-00_b_nig_DF1,0096,0.516,0.213,0.555,0.393,2,0.0000
C_4_33_smp_ra_09-06_19-14-00_b_nig_DF1,0096,0.516,0.213,0.555,0.393,3,0.9999
C_7_6_jap_cl_09-04_10-16-00_c_for_DF3,0036,0.316,0.519,0.383,0.817,1,0.0000
C_7_6_jap_cl_09-04_10-16-00_c_for_DF3,0036,0.316,0.519,0.383,0.817,2,1.0000
C_7_6_jap_cl_09-04_10-16-00_c_for_DF3,0036,0.316,0.519,0.383,0.817,3,0.0000
C_7_6_jap_cl_09-04_10-16-00_c_for_DF3,0036,0.347,0.373,0.418,0.581,1,0.0009
C_7_6_jap_cl_09-04_10-16-00_c_for_DF3,0036,0.347,0.373,0.418,0.581,2,0.9998
C_7_6_jap_cl_09-04_10-16-00_c_for_DF3,0036,0.347,0.373,0.418,0.581,3,0.0000
C_7_6_jap_cl_09-04_10-16-00_c_for_DF3,0036,0.353,0.369,0.408,0.580,1,0.0014
C_7_6_jap_cl_09-04_10-16-00_c_for_DF3,0036,0.353,0.369,0.408,0.580,2,0.9997
C_7_6_jap_cl_09-04_10-16-00_c_for_DF3,0036,0.353,0.369,0.408,0.580,3,0.0000
C_7_6_jap_cl_09-04_10-16-00_c_for_DF3,0036,0.360,0.367,0.409,0.576,1,0.0020
C_7_6_jap_cl_09-04_10-16-00_c_for_DF3,0036,0.360,0.367,0.409,0.576,2,0.9995
C_7_6_jap_cl_09-04_10-16-00_c_for_DF3,0036,0.360,0.367,0.409,0.576,3,0.0000
C_3_4_smp_cl_09-08_13-56-00_a_aft_DF1,0024,0.372,0.435,0.434,0.659,1,1.0000
C_3_4_smp_cl_09-08_13-56-00_a_aft_DF1,0024,0.372,0.435,0.434,0.659,2,0.0000
C_3_4_smp_cl_09-08_13-56-00_a_aft_DF1,0024,0.372,0.435,0.434,0.659,3,0.0000
C_3_4_smp_cl_09-08_13-56-00_a_aft_DF1,0024,0.376,0.444,0.456,0.657,1,1.0000
C_3_4_smp_cl_09-08_13-56-00_a_aft_DF1,0024,0.376,0.444,0.456,0.657,2,0.0000
C_3_4_smp_cl_09-08_13-56-00_a_aft_DF1,0024,0.376,0.444,0.456,0.657,3,0.0000
C_3_4_smp_cl_09-08_13-56-00_a_aft_DF1,0024,0.394,0.465,0.473,0.655,1,1.0000
C_3_4_smp_cl_09-08_13-56-00_a_aft_DF1,0024,0.394,0.465,0.473,0.655,2,0.0000
C_3_4_smp_cl_09-08_13-56-00_a_aft_DF1,0024,0.394,0.465,0.473,0.655,3,0.0000
C_4_20_smp_cl_09-05_13-58-00_b_aft_DF1,0040,0.520,0.352,0.586,0.583,1,0.0000
C_4_20_smp_cl_09-05_13-58-00_b_aft_DF1,0040,0.520,0.352,0.586,0.583,2,0.0000
C_4_20_smp_cl_09-05_13-58-00_b_aft_DF1,0040,0.520,0.352,0.586,0.583,3,1.0000
C_4_20_smp_cl_09-05_13-58-00_b_aft_DF1,0040,0.507,0.356,0.577,0.582,1,0.0000
C_4_20_smp_cl_09-05_13-58-00_b_aft_DF1,0040,0.507,0.356,0.577,0.582,2,0.0000
C_4_20_smp_cl_09-05_13-58-00_b_aft_DF1,0040,0.507,0.356,0.577,0.582,3,1.0000
C_3_4_smp_cl_09-08_13-44-00_b_aft_DF1,0068,0.680,0.378,0.742,0.589,1,0.9993
C_3_4_smp_cl_09-08_13-44-00_b_aft_DF1,0068,0.680,0.378,0.742,0.589,2,0.0001
C_3_4_smp_cl_09-08_13-44-00_b_aft_DF1,0068,0.680,0.378,0.742,0.589,3,0.0003
C_3_4_smp_cl_09-08_13-44-00_b_aft_DF1,0068,0.664,0.370,0.734,0.611,1,0.9998
C_3_4_smp_cl_09-08_13-44-00_b_aft_DF1,0068,0.664,0.370,0.734,0.611,2,0.0000
C_3_4_smp_cl_09-08_13-44-00_b_aft_DF1,0068,0.664,0.370,0.734,0.611,3,0.0001
C_3_4_smp_cl_09-08_13-44-00_b_aft_DF1,0068,0.646,0.367,0.713,0.627,1,0.9999
C_3_4_smp_cl_09-08_13-44-00_b_aft_DF1,0068,0.646,0.367,0.713,0.627,2,0.0000
C_3_4_smp_cl_09-08_13-44-00_b_aft_DF1,0068,0.646,0.367,0.713,0.627,3,0.0001
C_7_6_jap_cl_09-04_10-20-00_a_for_DF3,0100,0.352,0.293,0.396,0.515,1,0.9327
C_7_6_jap_cl_09-04_10-20-00_a_for_DF3,0100,0.352,0.293,0.396,0.515,2,0.0317
C_7_6_jap_cl_09-04_10-20-00_a_for_DF3,0100,0.352,0.293,0.396,0.515,3,0.0001
C_3_4_smp_cl_09-08_13-56-00_a_aft_DF1,0056,0.550,0.418,0.588,0.646,1,1.0000
C_3_4_smp_cl_09-08_13-56-00_a_aft_DF1,0056,0.550,0.418,0.588,0.646,2,0.0000
C_3_4_smp_cl_09-08_13-56-00_a_aft_DF1,0056,0.550,0.418,0.588,0.646,3,0.0000
C_4_20_smp_cl_09-05_13-58-00_b_aft_DF1,0112,0.489,0.419,0.557,0.645,1,0.0000
C_4_20_smp_cl_09-05_13-58-00_b_aft_DF1,0112,0.489,0.419,0.557,0.645,2,0.0000
C_4_20_smp_cl_09-05_13-58-00_b_aft_DF1,0112,0.489,0.419,0.557,0.645,3,1.0000
C_4_20_smp_cl_09-05_13-58-00_b_aft_DF1,0112,0.486,0.415,0.578,0.650,1,0.0000
C_4_20_smp_cl_09-05_13-58-00_b_aft_DF1,0112,0.486,0.415,0.578,0.650,2,0.0000
C_4_20_smp_cl_09-05_13-58-00_b_aft_DF1,0112,0.486,0.415,0.578,0.650,3,1.0000
C_4_20_smp_cl_09-05_13-58-00_b_aft_DF1,0112,0.509,0.406,0.576,0.673,1,0.0000
C_4_20_smp_cl_09-05_13-58-00_b_aft_DF1,0112,0.509,0.406,0.576,0.673,2,0.0000
C_4_20_smp_cl_09-05_13-58-00_b_aft_DF1,0112,0.509,0.406,0.576,0.673,3,1.0000
C_7_6_jap_cl_09-04_10-21-00_c_for_DF3,0096,0.309,0.348,0.410,0.555,1,0.0086
C_7_6_jap_cl_09-04_10-21-00_c_for_DF3,0096,0.309,0.348,0.410,0.555,2,0.9977
C_7_6_jap_cl_09-04_10-21-00_c_for_DF3,0096,0.309,0.348,0.410,0.555,3,0.0000
C_7_6_jap_cl_09-04_10-21-00_c_for_DF3,0096,0.352,0.338,0.414,0.558,1,0.0155
C_7_6_jap_cl_09-04_10-21-00_c_for_DF3,0096,0.352,0.338,0.414,0.558,2,0.9945
C_7_6_jap_cl_09-04_10-21-00_c_for_DF3,0096,0.352,0.338,0.414,0.558,3,0.0000
C_7_6_jap_cl_09-04_10-21-00_c_for_DF3,0096,0.364,0.321,0.414,0.555,1,0.1076
C_7_6_jap_cl_09-04_10-21-00_c_for_DF3,0096,0.364,0.321,0.414,0.555,2,0.9515
C_7_6_jap_cl_09-04_10-21-00_c_for_DF3,0096,0.364,0.321,0.414,0.555,3,0.0000
C_4_11_smp_cl_08-31_14-12-00_a_aft_DF1,0032,0.530,0.341,0.613,0.562,1,0.0000
C_4_11_smp_cl_08-31_14-12-00_a_aft_DF1,0032,0.530,0.341,0.613,0.562,2,0.0000
C_4_11_smp_cl_08-31_14-12-00_a_aft_DF1,0032,0.530,0.341,0.613,0.562,3,1.0000
C_4_11_smp_cl_08-31_14-12-00_a_aft_DF1,0032,0.530,0.333,0.617,0.562,1,0.0000
C_4_11_smp_cl_08-31_14-12-00_a_aft_DF1,0032,0.530,0.333,0.617,0.562,2,0.0000
C_4_11_smp_cl_08-31_14-12-00_a_aft_DF1,0032,0.530,0.333,0.617,0.562,3,1.0000
C_4_11_smp_cl_08-31_14-12-00_a_aft_DF1,0032,0.530,0.331,0.617,0.544,1,0.0000
C_4_11_smp_cl_08-31_14-12-00_a_aft_DF1,0032,0.530,0.331,0.617,0.544,2,0.0000
C_4_11_smp_cl_08-31_14-12-00_a_aft_DF1,0032,0.530,0.331,0.617,0.544,3,1.0000
C_3_13_smp_su_09-09_13-50-00_b_aft_DF1,0040,0.643,0.452,0.732,0.637,1,1.0000
C_3_13_smp_su_09-09_13-50-00_b_aft_DF1,0040,0.643,0.452,0.732,0.637,2,0.0000
C_3_13_smp_su_09-09_13-50-00_b_aft_DF1,0040,0.643,0.452,0.732,0.637,3,0.0000
C_3_13_smp_su_09-09_13-50-00_b_aft_DF1,0040,0.648,0.421,0.714,0.637,1,1.0000
C_3_13_smp_su_09-09_13-50-00_b_aft_DF1,0040,0.648,0.421,0.714,0.637,2,0.0000
C_3_13_smp_su_09-09_13-50-00_b_aft_DF1,0040,0.648,0.421,0.714,0.637,3,0.0000
C_4_20_smp_cl_09-05_13-58-00_a_aft_DF1,0040,0.354,0.470,0.412,0.668,1,0.0000
C_4_20_smp_cl_09-05_13-58-00_a_aft_DF1,0040,0.354,0.470,0.412,0.668,2,0.0000
C_4_20_smp_cl_09-05_13-58-00_a_aft_DF1,0040,0.354,0.470,0.412,0.668,3,1.0000
C_4_20_smp_cl_09-05_13-58-00_a_aft_DF1,0040,0.363,0.470,0.411,0.668,1,0.0000
C_4_20_smp_cl_09-05_13-58-00_a_aft_DF1,0040,0.363,0.470,0.411,0.668,2,0.0000
C_4_20_smp_cl_09-05_13-58-00_a_aft_DF1,0040,0.363,0.470,0.411,0.668,3,1.0000
C_4_20_smp_cl_09-05_13-58-00_a_aft_DF1,0040,0.369,0.470,0.409,0.669,1,0.0000
C_4_20_smp_cl_09-05_13-58-00_a_aft_DF1,0040,0.369,0.470,0.409,0.669,2,0.0000
C_4_20_smp_cl_09-05_13-58-00_a_aft_DF1,0040,0.369,0.470,0.409,0.669,3,1.0000
C_4_11_smp_cl_08-31_14-05-00_b_aft_DF1,0048,0.508,0.384,0.603,0.646,1,0.0000
C_4_11_smp_cl_08-31_14-05-00_b_aft_DF1,0048,0.508,0.384,0.603,0.646,2,0.0000
C_4_11_smp_cl_08-31_14-05-00_b_aft_DF1,0048,0.508,0.384,0.603,0.646,3,1.0000
C_4_11_smp_cl_08-31_14-05-00_b_aft_DF1,0048,0.488,0.357,0.592,0.572,1,0.0000
C_4_11_smp_cl_08-31_14-05-00_b_aft_DF1,0048,0.488,0.357,0.592,0.572,2,0.0000
C_4_11_smp_cl_08-31_14-05-00_b_aft_DF1,0048,0.488,0.357,0.592,0.572,3,1.0000
C_4_11_smp_cl_08-31_14-05-00_b_aft_DF1,0048,0.486,0.350,0.575,0.550,1,0.0000
C_4_11_smp_cl_08-31_14-05-00_b_aft_DF1,0048,0.486,0.350,0.575,0.550,2,0.0000
C_4_11_smp_cl_08-31_14-05-00_b_aft_DF1,0048,0.486,0.350,0.575,0.550,3,1.0000
C_3_13_smp_su_09-09_13-50-00_a_aft_DF1,0064,0.479,0.438,0.559,0.609,1,1.0000
C_3_13_smp_su_09-09_13-50-00_a_aft_DF1,0064,0.479,0.438,0.559,0.609,2,0.0000
C_3_13_smp_su_09-09_13-50-00_a_aft_DF1,0064,0.479,0.438,0.559,0.609,3,0.0000
C_3_13_smp_su_09-09_13-50-00_a_aft_DF1,0064,0.479,0.438,0.559,0.609,1,1.0000
C_3_13_smp_su_09-09_13-50-00_a_aft_DF1,0064,0.479,0.438,0.559,0.609,2,0.0000
C_3_13_smp_su_09-09_13-50-00_a_aft_DF1,0064,0.479,0.438,0.559,0.609,3,0.0000
C_3_13_smp_su_09-09_13-50-00_a_aft_DF1,0064,0.488,0.427,0.554,0.610,1,1.0000
C_3_13_smp_su_09-09_13-50-00_a_aft_DF1,0064,0.488,0.427,0.554,0.610,2,0.0000
C_3_13_smp_su_09-09_13-50-00_a_aft_DF1,0064,0.488,0.427,0.554,0.610,3,0.0000
C_3_13_smp_su_09-09_13-50-00_b_aft_DF1,0080,0.769,0.395,0.816,0.603,1,1.0000
C_3_13_smp_su_09-09_13-50-00_b_aft_DF1,0080,0.769,0.395,0.816,0.603,2,0.0000
C_3_13_smp_su_09-09_13-50-00_b_aft_DF1,0080,0.769,0.395,0.816,0.603,3,0.0000
C_3_13_smp_su_09-09_13-50-00_b_aft_DF1,0080,0.764,0.410,0.809,0.601,1,1.0000
C_3_13_smp_su_09-09_13-50-00_b_aft_DF1,0080,0.764,0.410,0.809,0.601,2,0.0000
C_3_13_smp_su_09-09_13-50-00_b_aft_DF1,0080,0.764,0.410,0.809,0.601,3,0.0000
C_3_13_smp_su_09-09_13-50-00_b_aft_DF1,0080,0.762,0.433,0.807,0.602,1,1.0000
C_3_13_smp_su_09-09_13-50-00_b_aft_DF1,0080,0.762,0.433,0.807,0.602,2,0.0000
C_3_13_smp_su_09-09_13-50-00_b_aft_DF1,0080,0.762,0.433,0.807,0.602,3,0.0000
C_7_11_smp_cl_09-10_15-43-00_c_aft_DF1,0016,0.257,0.313,0.286,0.479,1,0.0000
C_7_11_smp_cl_09-10_15-43-00_c_aft_DF1,0016,0.257,0.313,0.286,0.479,2,1.0000
C_7_11_smp_cl_09-10_15-43-00_c_aft_DF1,0016,0.257,0.313,0.286,0.479,3,0.0000
C_7_11_smp_cl_09-10_15-43-00_c_aft_DF1,0016,0.264,0.314,0.304,0.480,1,0.0000
C_7_11_smp_cl_09-10_15-43-00_c_aft_DF1,0016,0.264,0.314,0.304,0.480,2,1.0000
C_7_11_smp_cl_09-10_15-43-00_c_aft_DF1,0016,0.264,0.314,0.304,0.480,3,0.0000
C_7_11_smp_cl_09-10_15-43-00_c_aft_DF1,0016,0.270,0.314,0.315,0.482,1,0.0000
C_7_11_smp_cl_09-10_15-43-00_c_aft_DF1,0016,0.270,0.314,0.315,0.482,2,1.0000
C_7_11_smp_cl_09-10_15-43-00_c_aft_DF1,0016,0.270,0.314,0.315,0.482,3,0.0000
C_4_11_smp_cl_08-31_14-01-00_a_aft_DF1,0048,0.496,0.402,0.542,0.583,1,0.0000
C_4_11_smp_cl_08-31_14-01-00_a_aft_DF1,0048,0.496,0.402,0.542,0.583,2,0.0000
C_4_11_smp_cl_08-31_14-01-00_a_aft_DF1,0048,0.496,0.402,0.542,0.583,3,1.0000
C_4_11_smp_cl_08-31_14-01-00_a_aft_DF1,0048,0.496,0.380,0.546,0.586,1,0.0000
C_4_11_smp_cl_08-31_14-01-00_a_aft_DF1,0048,0.496,0.380,0.546,0.586,2,0.0000
C_4_11_smp_cl_08-31_14-01-00_a_aft_DF1,0048,0.496,0.380,0.546,0.586,3,1.0000
C_4_11_smp_cl_08-31_14-01-00_a_aft_DF1,0048,0.494,0.350,0.567,0.586,1,0.0000
C_4_11_smp_cl_08-31_14-01-00_a_aft_DF1,0048,0.494,0.350,0.567,0.586,2,0.0000
C_4_11_smp_cl_08-31_14-01-00_a_aft_DF1,0048,0.494,0.350,0.567,0.586,3,1.0000
C_7_11_smp_cl_09-10_15-43-00_c_aft_DF1,0136,0.162,0.354,0.220,0.551,1,0.0001
C_7_11_smp_cl_09-10_15-43-00_c_aft_DF1,0136,0.162,0.354,0.220,0.551,2,1.0000
C_7_11_smp_cl_09-10_15-43-00_c_aft_DF1,0136,0.162,0.354,0.220,0.551,3,0.0000
C_7_11_smp_cl_09-10_15-43-00_c_aft_DF1,0136,0.154,0.360,0.221,0.557,1,0.0001
C_7_11_smp_cl_09-10_15-43-00_c_aft_DF1,0136,0.154,0.360,0.221,0.557,2,1.0000
C_7_11_smp_cl_09-10_15-43-00_c_aft_DF1,0136,0.154,0.360,0.221,0.557,3,0.0000
C_4_21_smp_cl_09-05_14-24-00_a_aft_DF1,0100,0.361,0.481,0.405,0.657,1,0.0000
C_4_21_smp_cl_09-05_14-24-00_a_aft_DF1,0100,0.361,0.481,0.405,0.657,2,0.0000
C_4_21_smp_cl_09-05_14-24-00_a_aft_DF1,0100,0.361,0.481,0.405,0.657,3,1.0000
C_4_11_smp_cl_08-31_14-09-00_b_aft_DF1,0040,0.521,0.346,0.588,0.580,1,0.0000
C_4_11_smp_cl_08-31_14-09-00_b_aft_DF1,0040,0.521,0.346,0.588,0.580,2,0.0000
C_4_11_smp_cl_08-31_14-09-00_b_aft_DF1,0040,0.521,0.346,0.588,0.580,3,1.0000
C_4_11_smp_cl_08-31_14-09-00_b_aft_DF1,0040,0.509,0.327,0.582,0.553,1,0.0000
C_4_11_smp_cl_08-31_14-09-00_b_aft_DF1,0040,0.509,0.327,0.582,0.553,2,0.0000
C_4_11_smp_cl_08-31_14-09-00_b_aft_DF1,0040,0.509,0.327,0.582,0.553,3,1.0000
C_4_11_smp_cl_08-31_14-09-00_b_aft_DF1,0040,0.499,0.326,0.582,0.517,1,0.0000
C_4_11_smp_cl_08-31_14-09-00_b_aft_DF1,0040,0.499,0.326,0.582,0.517,2,0.0000
C_4_11_smp_cl_08-31_14-09-00_b_aft_DF1,0040,0.499,0.326,0.582,0.517,3,1.0000
C_3_9_smp_su_09-09_10-38-00_c_for_DF1,0016,0.257,0.261,0.309,0.410,1,0.9992
C_3_9_smp_su_09-09_10-38-00_c_for_DF1,0016,0.257,0.261,0.309,0.410,2,0.0001
C_3_9_smp_su_09-09_10-38-00_c_for_DF1,0016,0.257,0.261,0.309,0.410,3,0.0004
C_3_9_smp_su_09-09_10-38-00_c_for_DF1,0016,0.244,0.245,0.309,0.411,1,0.9994
C_3_9_smp_su_09-09_10-38-00_c_for_DF1,0016,0.244,0.245,0.309,0.411,2,0.0001
C_3_9_smp_su_09-09_10-38-00_c_for_DF1,0016,0.244,0.245,0.309,0.411,3,0.0002
C_3_9_smp_su_09-09_10-38-00_c_for_DF1,0016,0.223,0.241,0.290,0.411,1,0.9946
C_3_9_smp_su_09-09_10-38-00_c_for_DF1,0016,0.223,0.241,0.290,0.411,2,0.0023
C_3_9_smp_su_09-09_10-38-00_c_for_DF1,0016,0.223,0.241,0.290,0.411,3,0.0002
C_3_9_smp_su_09-09_10-38-00_c_for_DF1,0104,0.282,0.254,0.328,0.455,1,0.3084
C_3_9_smp_su_09-09_10-38-00_c_for_DF1,0104,0.282,0.254,0.328,0.455,2,0.0000
C_3_9_smp_su_09-09_10-38-00_c_for_DF1,0104,0.282,0.254,0.328,0.455,3,0.9996
C_3_9_smp_su_09-09_10-38-00_c_for_DF1,0104,0.291,0.255,0.329,0.452,1,0.2755
C_3_9_smp_su_09-09_10-38-00_c_for_DF1,0104,0.291,0.255,0.329,0.452,2,0.0000
C_3_9_smp_su_09-09_10-38-00_c_for_DF1,0104,0.291,0.255,0.329,0.452,3,0.9996
C_3_9_smp_su_09-09_10-38-00_c_for_DF1,0104,0.295,0.265,0.330,0.454,1,0.0107
C_3_9_smp_su_09-09_10-38-00_c_for_DF1,0104,0.295,0.265,0.330,0.454,2,0.0000
C_3_9_smp_su_09-09_10-38-00_c_for_DF1,0104,0.295,0.265,0.330,0.454,3,1.0000
C_4_20_smp_cl_09-05_13-58-00_a_aft_DF1,0036,0.502,0.494,0.587,0.670,1,0.0000
C_4_20_smp_cl_09-05_13-58-00_a_aft_DF1,0036,0.502,0.494,0.587,0.670,2,0.0000
C_4_20_smp_cl_09-05_13-58-00_a_aft_DF1,0036,0.502,0.494,0.587,0.670,3,1.0000
C_4_20_smp_cl_09-05_13-58-00_a_aft_DF1,0036,0.500,0.500,0.609,0.670,1,0.0000
C_4_20_smp_cl_09-05_13-58-00_a_aft_DF1,0036,0.500,0.500,0.609,0.670,2,0.0000
C_4_20_smp_cl_09-05_13-58-00_a_aft_DF1,0036,0.500,0.500,0.609,0.670,3,1.0000
C_4_20_smp_cl_09-05_13-58-00_a_aft_DF1,0036,0.500,0.506,0.603,0.670,1,0.0000
C_4_20_smp_cl_09-05_13-58-00_a_aft_DF1,0036,0.500,0.506,0.603,0.670,2,0.0000
C_4_20_smp_cl_09-05_13-58-00_a_aft_DF1,0036,0.500,0.506,0.603,0.670,3,1.0000
C_4_20_smp_cl_09-05_14-02-00_c_aft_DF1,0036,0.269,0.308,0.326,0.531,1,0.0000
C_4_20_smp_cl_09-05_14-02-00_c_aft_DF1,0036,0.269,0.308,0.326,0.531,2,0.0000
C_4_20_smp_cl_09-05_14-02-00_c_aft_DF1,0036,0.269,0.308,0.326,0.531,3,1.0000
C_4_20_smp_cl_09-05_14-02-00_c_aft_DF1,0036,0.280,0.310,0.321,0.535,1,0.0000
C_4_20_smp_cl_09-05_14-02-00_c_aft_DF1,0036,0.280,0.310,0.321,0.535,2,0.0000
C_4_20_smp_cl_09-05_14-02-00_c_aft_DF1,0036,0.280,0.310,0.321,0.535,3,1.0000
C_4_20_smp_cl_09-05_14-02-00_c_aft_DF1,0036,0.255,0.312,0.327,0.535,1,0.0000
C_4_20_smp_cl_09-05_14-02-00_c_aft_DF1,0036,0.255,0.312,0.327,0.535,2,0.0000
C_4_20_smp_cl_09-05_14-02-00_c_aft_DF1,0036,0.255,0.312,0.327,0.535,3,1.0000
C_4_20_smp_cl_09-05_14-02-00_c_aft_DF1,0036,0.417,0.471,0.477,0.772,1,0.0000
C_4_20_smp_cl_09-05_14-02-00_c_aft_DF1,0036,0.417,0.471,0.477,0.772,2,0.0000
C_4_20_smp_cl_09-05_14-02-00_c_aft_DF1,0036,0.417,0.471,0.477,0.772,3,1.0000
C_4_20_smp_cl_09-05_14-02-00_c_aft_DF1,0036,0.418,0.467,0.502,0.770,1,0.0000
C_4_20_smp_cl_09-05_14-02-00_c_aft_DF1,0036,0.418,0.467,0.502,0.770,2,0.0000
C_4_20_smp_cl_09-05_14-02-00_c_aft_DF1,0036,0.418,0.467,0.502,0.770,3,1.0000
C_4_20_smp_cl_09-05_14-02-00_c_aft_DF1,0036,0.419,0.468,0.516,0.768,1,0.0000
C_4_20_smp_cl_09-05_14-02-00_c_aft_DF1,0036,0.419,0.468,0.516,0.768,2,0.0000
C_4_20_smp_cl_09-05_14-02-00_c_aft_DF1,0036,0.419,0.468,0.516,0.768,3,1.0000
C_4_11_smp_cl_08-31_14-01-00_b_aft_DF1,0044,0.512,0.387,0.598,0.644,1,0.0000
C_4_11_smp_cl_08-31_14-01-00_b_aft_DF1,0044,0.512,0.387,0.598,0.644,2,0.0000
C_4_11_smp_cl_08-31_14-01-00_b_aft_DF1,0044,0.512,0.387,0.598,0.644,3,1.0000
C_4_20_smp_cl_09-05_13-58-00_c_aft_DF1,0032,0.313,0.370,0.374,0.631,1,0.0000
C_4_20_smp_cl_09-05_13-58-00_c_aft_DF1,0032,0.313,0.370,0.374,0.631,2,0.0000
C_4_20_smp_cl_09-05_13-58-00_c_aft_DF1,0032,0.313,0.370,0.374,0.631,3,1.0000
C_4_20_smp_cl_09-05_13-58-00_c_aft_DF1,0032,0.312,0.376,0.402,0.632,1,0.0000
C_4_20_smp_cl_09-05_13-58-00_c_aft_DF1,0032,0.312,0.376,0.402,0.632,2,0.0000
C_4_20_smp_cl_09-05_13-58-00_c_aft_DF1,0032,0.312,0.376,0.402,0.632,3,1.0000
C_4_20_smp_cl_09-05_13-58-00_c_aft_DF1,0032,0.312,0.383,0.410,0.635,1,0.0000
C_4_20_smp_cl_09-05_13-58-00_c_aft_DF1,0032,0.312,0.383,0.410,0.635,2,0.0000
C_4_20_smp_cl_09-05_13-58-00_c_aft_DF1,0032,0.312,0.383,0.410,0.635,3,1.0000
C_7_11_smp_cl_09-10_15-43-00_c_aft_DF1,0036,0.121,0.418,0.210,0.655,1,0.0003
C_7_11_smp_cl_09-10_15-43-00_c_aft_DF1,0036,0.121,0.418,0.210,0.655,2,0.9999
C_7_11_smp_cl_09-10_15-43-00_c_aft_DF1,0036,0.121,0.418,0.210,0.655,3,0.0000
C_7_11_smp_cl_09-10_15-43-00_c_aft_DF1,0036,0.118,0.418,0.208,0.655,1,0.0003
C_7_11_smp_cl_09-10_15-43-00_c_aft_DF1,0036,0.118,0.418,0.208,0.655,2,0.9999
C_7_11_smp_cl_09-10_15-43-00_c_aft_DF1,0036,0.118,0.418,0.208,0.655,3,0.0000
C_7_11_smp_cl_09-10_15-43-00_c_aft_DF1,0036,0.122,0.417,0.214,0.648,1,0.0005
C_7_11_smp_cl_09-10_15-43-00_c_aft_DF1,0036,0.122,0.417,0.214,0.648,2,0.9999
C_7_11_smp_cl_09-10_15-43-00_c_aft_DF1,0036,0.122,0.417,0.214,0.648,3,0.0000
